race_id,year,driver_id,checkpoint_percent,current_position,laps_behind_checkpoint_leader,gap_to_lap_leader_ms,relative_pace_to_checkpoint_leader,grid_position,non_standard_grid_start,top_10_final
969,2017,1,10,1,0,0,1.0,1,0,1
969,2017,4,10,11,1,20689,1.029782,12,0,0
969,2017,8,10,4,1,6780,1.010945,4,0,1
969,2017,13,10,6,1,11600,1.017248,7,0,1
969,2017,20,10,2,1,1112,1.000516,2,0,1
969,2017,154,10,7,1,13354,1.020487,6,0,0
969,2017,807,10,12,1,21794,1.031331,11,0,0
969,2017,815,10,9,1,16796,1.024803,10,0,1
969,2017,817,10,20,3,207741,1.030052,,1,0
969,2017,822,10,3,1,3555,1.005231,3,0,1
969,2017,825,10,19,1,85875,1.017013,17,0,0
969,2017,826,10,10,1,18396,1.025387,9,0,1
969,2017,828,10,17,1,40637,1.043488,14,0,0
969,2017,830,10,5,1,8595,1.012994,5,0,1
969,2017,832,10,8,1,15335,1.022272,8,0,1
969,2017,835,10,14,1,27718,1.043309,19,0,0
969,2017,838,10,15,1,29206,1.04781,18,0,0
969,2017,839,10,13,1,22874,1.033054,13,0,1
969,2017,840,10,18,1,43013,1.041715,20,0,0
969,2017,841,10,16,1,32729,1.055185,16,0,0
969,2017,1,25,1,0,0,1.0,1,0,1
969,2017,4,25,10,1,44008,1.026986,12,0,0
969,2017,8,25,4,1,14464,1.008368,4,0,1
969,2017,13,25,6,1,27420,1.018438,7,0,1
969,2017,20,25,2,1,1526,0.999628,2,0,1
969,2017,807,25,11,1,45533,1.027718,11,0,0
969,2017,815,25,8,1,35377,1.020758,10,0,1
969,2017,817,25,19,3,233664,1.03576,,1,0
969,2017,822,25,3,1,8026,1.004562,3,0,1
969,2017,825,25,18,2,114914,1.028649,17,0,0
969,2017,826,25,9,1,37044,1.02292,9,0,1
969,2017,828,25,15,1,80470,1.045491,14,0,0
969,2017,830,25,5,1,17109,1.008639,5,0,1
969,2017,832,25,7,1,33653,1.021163,8,0,1
969,2017,835,25,16,2,89038,1.045676,19,0,0
969,2017,838,25,17,2,111332,1.054121,18,0,0
969,2017,839,25,12,1,47264,1.027448,13,0,1
969,2017,840,25,14,1,70760,1.033564,20,0,0
969,2017,841,25,13,1,70332,1.047958,16,0,0
969,2017,1,50,2,1,6160,1.00322,1,0,1
969,2017,4,50,10,1,78647,1.029469,12,0,0
969,2017,8,50,4,1,20782,1.009299,4,0,1
969,2017,13,50,7,1,47371,1.021085,7,0,1
969,2017,20,50,1,0,0,1.0,2,0,1
969,2017,807,50,12,1,82823,1.029977,11,0,0
969,2017,815,50,8,1,56825,1.022486,10,0,1
969,2017,822,50,3,1,12687,1.006678,3,0,1
969,2017,825,50,16,2,137335,1.030213,17,0,0
969,2017,826,50,6,1,36602,1.020904,9,0,1
969,2017,830,50,5,1,29201,1.011616,5,0,1
969,2017,832,50,9,1,59872,1.022463,8,0,1
969,2017,838,50,15,2,136357,1.04419,18,0,0
969,2017,839,50,11,1,79718,1.028757,13,0,1
969,2017,840,50,13,1,86306,1.032282,20,0,0
969,2017,841,50,14,2,122429,1.04249,16,0,0
969,2017,1,75,2,1,9251,1.002403,1,0,1
969,2017,4,75,10,2,122402,1.032801,12,0,0
969,2017,8,75,4,1,24309,1.007821,4,0,1
969,2017,13,75,6,1,64837,1.018974,7,0,1
969,2017,20,75,1,0,0,1.0,2,0,1
969,2017,807,75,12,2,132138,1.031917,11,0,0
969,2017,815,75,7,1,82025,1.021456,10,0,1
969,2017,822,75,3,1,11704,1.007186,3,0,1
969,2017,825,75,15,3,192368,1.036483,17,0,0
969,2017,826,75,8,1,83974,1.021105,9,0,1
969,2017,830,75,5,1,27668,1.011448,5,0,1
969,2017,832,75,9,1,86070,1.022454,8,0,1
969,2017,838,75,14,3,181790,1.042433,18,0,0
969,2017,839,75,11,2,123272,1.031684,13,0,1
969,2017,841,75,13,2,164461,1.042253,16,0,0
970,2017,1,10,1,0,0,1.0,1,0,1
970,2017,4,10,8,1,31077,1.086534,13,0,0
970,2017,8,10,3,1,10040,1.004894,4,0,1
970,2017,13,10,10,1,39209,1.096479,6,0,0
970,2017,20,10,6,1,15365,1.060521,2,0,1
970,2017,154,10,18,1,61936,1.141414,19,0,0
970,2017,807,10,16,1,49628,1.134857,7,0,0
970,2017,815,10,11,1,40017,1.094532,8,0,1
970,2017,817,10,2,1,926,1.003036,5,0,1
970,2017,822,10,5,1,11736,1.005471,3,0,1
970,2017,825,10,12,1,40892,1.098018,12,0,1
970,2017,826,10,9,1,37474,1.110811,9,0,0
970,2017,828,10,17,1,53678,1.134287,14,0,0
970,2017,830,10,4,1,10532,1.010178,16,0,1
970,2017,832,10,7,1,24599,1.040307,11,0,1
970,2017,835,10,14,1,46863,1.07836,20,0,0
970,2017,838,10,15,1,48711,1.09139,15,0,0
970,2017,839,10,13,1,43180,1.053372,17,0,1
970,2017,1,25,1,0,0,1.0,1,0,1
970,2017,4,25,7,1,14053,1.064547,13,0,0
970,2017,8,25,4,1,5775,1.034235,4,0,1
970,2017,13,25,14,1,45098,1.10768,6,0,0
970,2017,20,25,5,1,6195,1.035606,2,0,1
970,2017,154,25,17,1,48517,1.098227,19,0,0
970,2017,807,25,13,1,41444,1.018468,7,0,0
970,2017,815,25,8,1,15704,1.073191,8,0,1
970,2017,817,25,3,1,5210,1.028766,5,0,1
970,2017,822,25,10,1,33047,1.0303,3,0,1
970,2017,825,25,9,1,27362,1.079285,12,0,1
970,2017,826,25,11,1,39239,1.094564,9,0,0
970,2017,828,25,18,1,67840,1.122809,14,0,0
970,2017,830,25,2,1,1707,1.023048,16,0,1
970,2017,832,25,6,1,9087,1.040603,11,0,1
970,2017,835,25,16,1,48144,1.092063,20,0,0
970,2017,838,25,15,1,46765,1.089371,15,0,0
970,2017,839,25,12,1,39804,1.071699,17,0,1
970,2017,1,50,1,0,0,1.0,1,0,1
970,2017,4,50,8,1,41343,1.020254,13,0,0
970,2017,8,50,5,1,16874,1.006877,4,0,1
970,2017,13,50,15,1,93374,1.030868,6,0,0
970,2017,20,50,3,1,10097,1.006923,2,0,1
970,2017,154,50,13,1,85025,1.026385,19,0,0
970,2017,807,50,12,1,67861,1.019195,7,0,0
970,2017,815,50,10,1,58924,1.016165,8,0,1
970,2017,817,50,4,1,15169,1.006439,5,0,1
970,2017,822,50,7,1,37089,1.001871,3,0,1
970,2017,825,50,9,1,50954,1.015273,12,0,1
970,2017,828,50,16,2,97374,1.021872,14,0,0
970,2017,830,50,2,1,9071,1.000983,16,0,1
970,2017,832,50,6,1,25658,1.007351,11,0,1
970,2017,835,50,14,1,86260,1.02757,20,0,0
970,2017,839,50,11,1,63714,1.021152,17,0,1
970,2017,1,75,1,0,0,1.0,1,0,1
970,2017,8,75,5,1,36049,1.007861,4,0,1
970,2017,13,75,11,2,92254,1.020307,6,0,0
970,2017,20,75,2,1,8085,1.002202,2,0,1
970,2017,154,75,12,2,109333,1.023636,19,0,0
970,2017,807,75,13,2,110501,1.020094,7,0,0
970,2017,815,75,8,1,60830,1.013169,8,0,1
970,2017,817,75,4,1,21356,1.005917,5,0,1
970,2017,822,75,7,1,39998,1.004572,3,0,1
970,2017,825,75,9,1,70837,1.015889,12,0,1
970,2017,828,75,15,2,127400,1.026538,14,0,0
970,2017,830,75,3,1,17624,1.002756,16,0,1
970,2017,832,75,6,1,36598,1.009779,11,0,1
970,2017,835,75,14,2,115826,1.02735,20,0,0
970,2017,839,75,10,1,77903,1.017777,17,0,1
971,2017,1,10,3,1,1553,1.000486,2,0,1
971,2017,4,10,15,1,18041,1.022169,15,0,0
971,2017,8,10,7,1,6949,1.007652,5,0,1
971,2017,13,10,6,1,6116,1.006053,8,0,1
971,2017,20,10,2,1,751,1.000491,3,0,1
971,2017,154,10,9,1,11334,1.014476,9,0,1
971,2017,807,10,8,1,9786,1.010937,7,0,1
971,2017,815,10,12,1,15385,1.017772,18,0,1
971,2017,817,10,5,1,3981,1.002395,4,0,1
971,2017,822,10,1,0,0,1.0,1,0,1
971,2017,825,10,16,1,18824,1.0225,20,0,0
971,2017,826,10,18,1,20410,1.024114,11,0,0
971,2017,828,10,19,1,21060,1.023902,19,0,0
971,2017,830,10,4,1,2803,1.00075,6,0,0
971,2017,832,10,11,1,13696,1.01727,16,0,0
971,2017,835,10,13,1,16571,1.020953,10,0,0
971,2017,836,10,17,1,19842,1.025072,13,0,0
971,2017,839,10,10,1,12769,1.016225,14,0,1
971,2017,840,10,14,1,17165,1.021885,12,0,0
971,2017,1,25,4,1,3345,1.000773,2,0,1
971,2017,4,25,12,1,23447,1.018728,15,0,0
971,2017,8,25,6,1,6672,1.001763,5,0,1
971,2017,13,25,5,1,4926,1.005782,8,0,1
971,2017,20,25,1,0,0,1.0,3,0,1
971,2017,154,25,10,1,19302,1.01075,9,0,1
971,2017,807,25,7,1,7751,1.009245,7,0,1
971,2017,815,25,9,1,13726,1.013193,18,0,1
971,2017,817,25,3,1,1802,0.998825,4,0,1
971,2017,822,25,2,1,1218,1.001391,1,0,1
971,2017,826,25,14,1,25942,1.020501,11,0,0
971,2017,828,25,8,1,10897,1.021026,19,0,0
971,2017,835,25,13,1,24366,1.019449,10,0,0
971,2017,836,25,15,1,41944,1.021346,13,0,0
971,2017,839,25,11,1,20674,1.012925,14,0,1
971,2017,1,50,2,1,6007,1.000166,2,0,1
971,2017,4,50,13,1,44938,1.023545,15,0,0
971,2017,8,50,4,1,14977,1.003472,5,0,1
971,2017,13,50,5,1,19739,1.008529,8,0,1
971,2017,20,50,1,0,0,1.0,3,0,1
971,2017,154,50,9,1,31102,1.014456,9,0,1
971,2017,807,50,8,1,30044,1.0137,7,0,1
971,2017,815,50,7,1,23869,1.015824,18,0,1
971,2017,817,50,6,1,20401,1.002425,4,0,1
971,2017,822,50,3,1,8873,1.002736,1,0,1
971,2017,826,50,12,1,44271,1.024933,11,0,0
971,2017,828,50,15,1,51892,1.02656,19,0,0
971,2017,835,50,11,1,43547,1.023026,10,0,0
971,2017,836,50,14,1,47168,1.026115,13,0,0
971,2017,839,50,10,1,32666,1.016643,14,0,1
971,2017,1,75,3,1,19090,1.003723,2,0,1
971,2017,4,75,12,1,77267,1.0316,15,0,0
971,2017,8,75,4,1,26505,1.012239,5,0,1
971,2017,13,75,6,1,38920,1.016361,8,0,1
971,2017,20,75,1,0,0,1.0,3,0,1
971,2017,154,75,8,1,50268,1.020158,9,0,1
971,2017,807,75,9,1,60534,1.022171,7,0,1
971,2017,815,75,7,1,43315,1.018018,18,0,1
971,2017,817,75,5,1,34923,1.01376,4,0,1
971,2017,822,75,2,1,9594,1.007258,1,0,1
971,2017,826,75,14,1,80529,1.035354,11,0,0
971,2017,828,75,13,1,79855,1.03698,19,0,0
971,2017,835,75,15,1,84497,1.031495,10,0,0
971,2017,836,75,11,1,66933,1.034306,13,0,0
971,2017,839,75,10,1,61981,1.023084,14,0,1
972,2017,1,10,4,1,5401,1.007105,4,0,1
972,2017,8,10,3,1,3868,1.004776,2,0,1
972,2017,13,10,6,1,9168,1.010796,6,0,1
972,2017,20,10,2,1,1833,1.004892,1,0,1
972,2017,807,10,9,1,13757,1.009247,8,0,1
972,2017,815,10,7,1,11461,1.011349,9,0,1
972,2017,822,10,1,0,0,1.0,3,0,1
972,2017,825,10,10,1,15281,1.012084,13,0,0
972,2017,826,10,12,1,17745,1.011277,12,0,0
972,2017,828,10,16,1,23394,1.017393,18,0,0
972,2017,830,10,5,1,7826,1.010153,7,0,1
972,2017,832,10,11,1,16265,1.010292,14,0,1
972,2017,836,10,15,1,22259,1.01055,17,0,0
972,2017,838,10,14,1,19939,1.010359,20,0,0
972,2017,839,10,8,1,12819,1.011547,10,0,1
972,2017,840,10,13,1,18726,1.010467,11,0,0
972,2017,1,25,4,1,9710,1.008386,4,0,1
972,2017,8,25,3,1,7487,1.006022,2,0,1
972,2017,13,25,6,1,23398,1.021168,6,0,1
972,2017,20,25,2,1,3745,1.00295,1,0,1
972,2017,807,25,9,1,32553,1.028705,8,0,1
972,2017,815,25,7,1,27398,1.023502,9,0,1
972,2017,822,25,1,0,0,1.0,3,0,1
972,2017,825,25,10,1,38722,1.03502,13,0,0
972,2017,826,25,12,1,43332,1.037516,12,0,0
972,2017,828,25,16,1,56118,1.047438,18,0,0
972,2017,830,25,5,1,18504,1.015641,7,0,1
972,2017,832,25,11,1,40035,1.036516,14,0,1
972,2017,836,25,15,1,50926,1.041446,17,0,0
972,2017,838,25,14,1,47123,1.039779,20,0,0
972,2017,839,25,8,1,29720,1.024442,10,0,1
972,2017,840,25,13,1,44524,1.038102,11,0,0
972,2017,1,50,4,1,14581,1.004997,4,0,1
972,2017,8,50,3,1,10018,1.003161,2,0,1
972,2017,13,50,9,1,70833,1.019533,6,0,1
972,2017,20,50,2,1,3256,1.001436,1,0,1
972,2017,807,50,8,1,60223,1.024586,8,0,1
972,2017,815,50,6,1,51816,1.021334,9,0,1
972,2017,822,50,1,0,0,1.0,3,0,1
972,2017,825,50,14,2,100773,1.031705,13,0,0
972,2017,826,50,13,2,97121,1.036743,12,0,0
972,2017,828,50,15,2,123562,1.043551,18,0,0
972,2017,830,50,5,1,35527,1.014834,7,0,1
972,2017,832,50,11,1,94516,1.031262,14,0,1
972,2017,836,50,16,2,125400,1.041861,17,0,0
972,2017,838,50,12,2,96691,1.038978,20,0,0
972,2017,839,50,7,1,56710,1.023595,10,0,1
972,2017,840,50,10,1,74338,1.031363,11,0,0
972,2017,1,75,4,1,23193,1.003753,4,0,1
972,2017,8,75,3,1,9744,1.00176,2,0,1
972,2017,13,75,7,1,63434,1.017593,6,0,1
972,2017,20,75,2,1,3065,1.001062,1,0,1
972,2017,807,75,6,1,56073,1.021366,8,0,1
972,2017,815,75,8,1,70416,1.018392,9,0,1
972,2017,822,75,1,0,0,1.0,3,0,1
972,2017,825,75,13,2,112866,1.02917,13,0,0
972,2017,826,75,12,2,111142,1.032256,12,0,0
972,2017,828,75,15,2,141140,1.037624,18,0,0
972,2017,830,75,5,1,48339,1.014052,7,0,1
972,2017,832,75,10,1,90992,1.02258,14,0,1
972,2017,836,75,16,2,143780,1.037169,17,0,0
972,2017,838,75,14,2,136220,1.037928,20,0,0
972,2017,839,75,9,1,77970,1.019201,10,0,1
972,2017,840,75,11,1,94624,1.022449,11,0,0
973,2017,1,10,2,1,2523,1.00058,1,0,1
973,2017,4,10,11,1,27132,1.035947,7,0,0
973,2017,13,10,18,1,71689,1.01552,9,0,0
973,2017,20,10,1,0,0,1.0,2,0,1
973,2017,154,10,10,1,26131,1.036005,14,0,1
973,2017,807,10,7,1,21200,1.030716,13,0,1
973,2017,815,10,5,1,15841,1.022805,8,0,1
973,2017,817,10,4,1,10788,1.014418,6,0,1
973,2017,822,10,3,1,7815,1.009268,3,0,0
973,2017,825,10,8,1,23657,1.037942,11,0,0
973,2017,826,10,16,1,46816,1.030298,19,0,1
973,2017,828,10,14,1,30797,1.03865,16,0,0
973,2017,832,10,9,1,24554,1.035437,12,0,1
973,2017,835,10,17,1,54014,1.032514,17,0,0
973,2017,836,10,12,1,28831,1.038058,15,0,1
973,2017,838,10,15,1,35985,1.04003,20,0,0
973,2017,839,10,6,1,18775,1.025299,10,0,1
973,2017,840,10,13,1,30260,1.039647,18,0,0
973,2017,1,25,1,0,0,1.0,1,0,1
973,2017,4,25,14,1,72516,1.035463,7,0,0
973,2017,13,25,18,2,106163,1.019345,9,0,0
973,2017,20,25,3,1,20407,1.001174,2,0,1
973,2017,154,25,7,1,49660,1.031906,14,0,1
973,2017,807,25,10,1,64857,1.030465,13,0,1
973,2017,815,25,5,1,32999,1.02363,8,0,1
973,2017,817,25,4,1,23357,1.016203,6,0,1
973,2017,822,25,2,1,10315,1.00573,3,0,0
973,2017,825,25,11,1,67400,1.03251,11,0,0
973,2017,826,25,13,1,71992,1.032406,19,0,1
973,2017,828,25,9,1,59628,1.038671,16,0,0
973,2017,832,25,12,1,70228,1.030802,12,0,1
973,2017,835,25,16,1,83683,1.037206,17,0,0
973,2017,836,25,8,1,54439,1.035904,15,0,1
973,2017,838,25,17,1,85559,1.042158,20,0,0
973,2017,839,25,6,1,41786,1.02692,10,0,1
973,2017,840,25,15,1,75261,1.040077,18,0,0
973,2017,1,50,2,1,7749,1.000836,1,0,1
973,2017,4,50,15,2,102751,1.03341,7,0,0
973,2017,13,50,17,2,115091,1.017535,9,0,0
973,2017,20,50,1,0,0,1.0,2,0,1
973,2017,154,50,11,1,82691,1.024232,14,0,1
973,2017,807,50,8,1,76404,1.022571,13,0,1
973,2017,815,50,5,1,57989,1.019934,8,0,1
973,2017,817,50,4,1,44111,1.014707,6,0,1
973,2017,822,50,3,1,30144,1.005402,3,0,0
973,2017,825,50,9,1,78914,1.020678,11,0,0
973,2017,826,50,12,2,91126,1.026806,19,0,1
973,2017,828,50,13,2,94785,1.03363,16,0,0
973,2017,832,50,10,1,81549,1.020806,12,0,1
973,2017,835,50,18,2,127878,1.034269,17,0,0
973,2017,836,50,7,1,75042,1.028229,15,0,1
973,2017,838,50,16,2,113199,1.040322,20,0,0
973,2017,839,50,6,1,64742,1.021491,10,0,1
973,2017,840,50,14,2,102061,1.035135,18,0,0
973,2017,1,75,1,0,0,1.0,1,0,1
973,2017,4,75,14,2,136162,1.030662,7,0,0
973,2017,13,75,15,2,139998,1.016901,9,0,0
973,2017,20,75,2,1,1849,0.997905,2,0,1
973,2017,154,75,11,2,118092,1.026649,14,0,1
973,2017,807,75,6,2,104326,1.02138,13,0,1
973,2017,815,75,4,1,76294,1.013854,8,0,1
973,2017,817,75,3,1,56016,1.015652,6,0,1
973,2017,825,75,9,2,115520,1.022613,11,0,0
973,2017,826,75,10,2,116361,1.027114,19,0,1
973,2017,828,75,13,2,134727,1.025335,16,0,0
973,2017,832,75,8,2,112626,1.022159,12,0,1
973,2017,835,75,16,2,162196,1.034117,17,0,0
973,2017,836,75,7,2,111820,1.028627,15,0,1
973,2017,839,75,5,2,87564,1.019088,10,0,1
973,2017,840,75,12,2,133305,1.030488,18,0,0
974,2017,1,10,12,1,21314,1.025572,13,0,1
974,2017,8,10,1,0,0,1.0,1,0,1
974,2017,13,10,14,1,24087,1.026142,14,0,1
974,2017,18,10,20,1,48462,1.022852,20,0,0
974,2017,20,10,2,1,2042,1.00263,2,0,1
974,2017,154,10,8,1,15563,1.019652,8,0,1
974,2017,807,10,10,1,18772,1.021524,10,0,0
974,2017,815,10,7,1,12700,1.013421,7,0,0
974,2017,817,10,5,1,8322,1.007792,5,0,1
974,2017,822,10,3,1,5319,1.006859,3,0,1
974,2017,825,10,9,1,17371,1.020617,11,0,1
974,2017,826,10,11,1,19830,1.020474,9,0,0
974,2017,828,10,18,1,32137,1.034795,19,0,0
974,2017,830,10,4,1,6868,1.007747,4,0,1
974,2017,832,10,6,1,11549,1.012145,6,0,1
974,2017,835,10,16,1,26803,1.027567,16,0,0
974,2017,836,10,19,1,46746,1.023007,18,0,0
974,2017,838,10,13,1,23089,1.024723,12,0,0
974,2017,839,10,15,1,24958,1.027055,15,0,0
974,2017,840,10,17,1,28621,1.027606,17,0,0
974,2017,1,25,10,1,34209,1.017376,13,0,1
974,2017,8,25,1,0,0,1.0,1,0,1
974,2017,13,25,12,1,42938,1.022728,14,0,1
974,2017,18,25,19,1,69411,1.023066,20,0,0
974,2017,20,25,2,1,1716,1.001177,2,0,1
974,2017,154,25,7,1,26638,1.012785,8,0,1
974,2017,815,25,16,1,49282,1.013077,7,0,0
974,2017,817,25,5,1,12480,1.0061,5,0,1
974,2017,822,25,3,1,6828,1.002055,3,0,1
974,2017,825,25,8,1,29485,1.015002,11,0,1
974,2017,826,25,9,1,32216,1.017285,9,0,0
974,2017,828,25,17,1,58152,1.028431,19,0,0
974,2017,830,25,4,1,8912,1.004214,4,0,1
974,2017,832,25,6,1,20018,1.009592,6,0,1
974,2017,835,25,14,1,46588,1.024035,16,0,0
974,2017,836,25,18,1,67940,1.02319,18,0,0
974,2017,838,25,11,1,38840,1.018442,12,0,0
974,2017,839,25,13,1,43743,1.021967,15,0,0
974,2017,840,25,15,1,48746,1.023788,17,0,0
974,2017,1,50,7,1,43330,1.010435,13,0,1
974,2017,8,50,2,1,20145,1.000338,1,0,1
974,2017,13,50,16,1,79542,1.016738,14,0,1
974,2017,18,50,19,2,109888,1.022069,20,0,0
974,2017,20,50,1,0,0,1.0,2,0,1
974,2017,154,50,6,1,39096,1.009175,8,0,1
974,2017,815,50,13,1,66534,1.01241,7,0,0
974,2017,817,50,3,1,23081,1.000663,5,0,1
974,2017,822,50,4,1,32507,1.002755,3,0,1
974,2017,825,50,10,1,63945,1.00998,11,0,1
974,2017,826,50,11,1,64785,1.012111,9,0,0
974,2017,828,50,17,2,99672,1.024141,19,0,0
974,2017,830,50,5,1,33340,1.003743,4,0,1
974,2017,832,50,9,1,51788,1.008057,6,0,1
974,2017,835,50,12,1,66218,1.016842,16,0,0
974,2017,836,50,18,2,104695,1.019795,18,0,0
974,2017,838,50,8,1,48381,1.008057,12,0,0
974,2017,839,50,15,1,79302,1.018284,15,0,0
974,2017,840,50,14,1,71550,1.018453,17,0,0
974,2017,1,75,7,1,48397,1.008092,13,0,1
974,2017,8,75,2,1,12354,1.00357,1,0,1
974,2017,13,75,12,1,75324,1.015676,14,0,1
974,2017,20,75,1,0,0,1.0,2,0,1
974,2017,154,75,8,1,63280,1.011506,8,0,1
974,2017,815,75,11,1,68367,1.014295,7,0,0
974,2017,817,75,3,1,14127,1.001889,5,0,1
974,2017,822,75,4,1,28982,1.005512,3,0,1
974,2017,825,75,13,2,80168,1.0119,11,0,1
974,2017,826,75,9,1,64477,1.011298,9,0,0
974,2017,828,75,16,2,112943,1.020267,19,0,0
974,2017,830,75,5,1,29976,1.005773,4,0,1
974,2017,832,75,6,1,47608,1.007675,6,0,1
974,2017,835,75,14,2,101561,1.016559,16,0,0
974,2017,838,75,10,1,67596,1.01032,12,0,0
974,2017,839,75,17,2,113577,1.020254,15,0,0
974,2017,840,75,15,2,104441,1.020352,17,0,0
975,2017,1,10,1,0,0,1.0,1,0,1
975,2017,4,10,10,1,12435,1.050118,12,0,0
975,2017,8,10,6,1,7381,1.038497,4,0,1
975,2017,20,10,18,1,29877,1.315454,2,0,1
975,2017,154,10,16,1,17759,1.063058,14,0,1
975,2017,807,10,8,1,9732,1.041697,10,0,1
975,2017,815,10,5,1,6505,1.029577,8,0,1
975,2017,817,10,4,1,5835,1.028156,6,0,1
975,2017,822,10,3,1,3252,1.013669,3,0,1
975,2017,825,10,12,1,14463,1.055634,18,0,0
975,2017,826,10,9,1,11371,1.047098,11,0,0
975,2017,828,10,15,1,17349,1.060779,19,0,0
975,2017,830,10,2,1,1922,1.007154,5,0,0
975,2017,835,10,14,1,16709,1.05845,15,0,0
975,2017,836,10,17,1,19173,1.071428,20,0,0
975,2017,838,10,11,1,13248,1.06156,16,0,0
975,2017,839,10,7,1,8164,1.043297,9,0,1
975,2017,840,10,13,1,14799,1.058962,17,0,1
975,2017,1,25,1,0,0,1.0,1,0,1
975,2017,4,25,6,1,27858,1.024767,12,0,0
975,2017,8,25,7,1,31174,1.033914,4,0,1
975,2017,20,25,11,1,38125,1.018235,2,0,1
975,2017,154,25,14,1,43750,1.042879,14,0,1
975,2017,807,25,10,1,37046,1.025639,10,0,1
975,2017,815,25,4,1,13543,1.011799,8,0,1
975,2017,817,25,3,1,12896,1.013516,6,0,1
975,2017,822,25,2,1,6062,1.009327,3,0,1
975,2017,825,25,8,1,36005,1.03494,18,0,0
975,2017,826,25,12,1,38571,1.049586,11,0,0
975,2017,828,25,17,1,51917,1.040614,19,0,0
975,2017,835,25,15,1,46842,1.03343,15,0,0
975,2017,836,25,16,1,47306,1.042854,20,0,0
975,2017,838,25,13,1,39619,1.037431,16,0,0
975,2017,839,25,5,1,16401,1.013736,9,0,1
975,2017,840,25,9,1,36447,1.032868,17,0,1
975,2017,1,50,1,0,0,1.0,1,0,1
975,2017,4,50,8,1,39326,1.024557,12,0,0
975,2017,8,50,5,1,26446,1.013269,4,0,1
975,2017,20,50,7,1,30442,1.008329,2,0,1
975,2017,154,50,13,1,59801,1.026838,14,0,1
975,2017,807,50,9,1,44150,1.020947,10,0,1
975,2017,815,50,4,1,24813,1.00902,8,0,1
975,2017,817,50,3,1,22567,1.008186,6,0,1
975,2017,822,50,2,1,9533,1.004562,3,0,1
975,2017,825,50,11,1,52205,1.026916,18,0,0
975,2017,826,50,10,1,46318,1.023814,11,0,0
975,2017,828,50,16,1,67126,1.027959,19,0,0
975,2017,835,50,14,1,60948,1.023958,15,0,0
975,2017,836,50,17,2,74497,1.041138,20,0,0
975,2017,838,50,12,1,55867,1.02762,16,0,0
975,2017,839,50,6,1,27575,1.010428,9,0,1
975,2017,840,50,15,1,63167,1.029667,17,0,1
975,2017,1,75,1,0,0,1.0,1,0,1
975,2017,4,75,11,1,74999,1.01876,12,0,0
975,2017,8,75,6,1,37988,1.006166,4,0,1
975,2017,20,75,7,1,43556,1.002946,2,0,1
975,2017,154,75,12,2,82141,1.023751,14,0,1
975,2017,807,75,8,1,51737,1.013154,10,0,1
975,2017,815,75,4,1,27085,1.005958,8,0,1
975,2017,817,75,3,1,25946,1.00528,6,0,1
975,2017,822,75,2,1,12105,1.002738,3,0,1
975,2017,825,75,15,2,90426,1.024833,18,0,0
975,2017,826,75,9,1,56684,1.017039,11,0,0
975,2017,828,75,14,2,86957,1.022376,19,0,0
975,2017,835,75,13,2,83211,1.020264,15,0,0
975,2017,836,75,17,2,134569,1.037295,20,0,0
975,2017,838,75,16,2,96724,1.025745,16,0,0
975,2017,839,75,5,1,27767,1.006753,9,0,1
975,2017,840,75,10,1,74328,1.019907,17,0,1
976,2017,1,10,1,0,0,1.0,1,0,1
976,2017,4,10,14,1,33511,1.041761,19,0,1
976,2017,8,10,5,1,8101,1.007377,3,0,0
976,2017,13,10,6,1,9574,1.006413,9,0,0
976,2017,20,10,2,1,3287,1.001593,4,0,1
976,2017,154,10,19,1,55513,1.10284,16,0,0
976,2017,807,10,9,1,17351,1.017753,13,0,0
976,2017,815,10,3,1,5269,1.004019,6,0,0
976,2017,817,10,12,1,22582,1.023207,10,0,1
976,2017,822,10,20,2,123772,0.999592,2,0,1
976,2017,825,10,10,1,20171,1.025139,12,0,1
976,2017,826,10,11,1,22024,1.024553,11,0,0
976,2017,828,10,13,1,32973,1.046716,17,0,0
976,2017,830,10,4,1,5921,1.002217,5,0,0
976,2017,832,10,15,1,34289,1.044043,15,0,1
976,2017,835,10,17,1,36390,1.051625,20,0,0
976,2017,836,10,16,1,36274,1.056948,14,0,1
976,2017,838,10,18,1,37842,1.049762,18,0,0
976,2017,839,10,7,1,11124,1.00924,7,0,1
976,2017,840,10,8,1,12595,1.01121,8,0,1
976,2017,1,25,1,0,0,1.0,1,0,1
976,2017,4,25,11,1,73479,1.039734,19,0,1
976,2017,8,25,4,1,17272,1.007692,3,0,0
976,2017,13,25,5,1,20949,1.007964,9,0,0
976,2017,20,25,2,1,4032,1.001057,4,0,1
976,2017,154,25,16,1,99309,1.040071,16,0,0
976,2017,807,25,8,1,39723,1.020915,13,0,0
976,2017,815,25,3,1,13313,1.005549,6,0,0
976,2017,817,25,10,1,68383,1.026839,10,0,1
976,2017,822,25,17,2,157594,1.010293,2,0,1
976,2017,825,25,9,1,48695,1.024162,12,0,1
976,2017,828,25,13,1,82348,1.04767,17,0,0
976,2017,832,25,12,1,74857,1.03673,15,0,1
976,2017,836,25,14,1,87168,1.050487,14,0,1
976,2017,838,25,15,1,90727,1.040137,18,0,0
976,2017,839,25,6,1,23309,1.00919,7,0,1
976,2017,840,25,7,1,23503,1.010874,8,0,1
976,2017,1,50,1,0,0,1.0,1,0,1
976,2017,4,50,6,1,9606,1.059389,19,0,1
976,2017,8,50,15,2,124006,0.938539,3,0,0
976,2017,20,50,2,1,1665,1.005099,4,0,1
976,2017,154,50,9,1,14080,1.097467,16,0,0
976,2017,815,50,14,2,122642,0.945351,6,0,0
976,2017,817,50,3,1,2983,1.138026,10,0,1
976,2017,822,50,10,1,15288,1.077989,2,0,1
976,2017,825,50,5,1,7191,1.071007,12,0,1
976,2017,828,50,12,1,16826,1.04687,17,0,0
976,2017,832,50,7,1,12864,1.05935,15,0,1
976,2017,836,50,13,1,20373,1.07898,14,0,1
976,2017,838,50,11,1,16280,1.113522,18,0,0
976,2017,839,50,8,1,13991,1.044645,7,0,1
976,2017,840,50,4,1,3377,1.022734,8,0,1
976,2017,1,75,7,1,22576,0.977612,1,0,1
976,2017,4,75,8,1,28421,1.012113,19,0,1
976,2017,8,75,15,2,150850,0.98839,3,0,0
976,2017,20,75,6,1,21943,0.978956,4,0,1
976,2017,154,75,13,1,86383,1.032717,16,0,0
976,2017,815,75,14,2,145070,0.989275,6,0,0
976,2017,817,75,1,0,0,1.0,10,0,1
976,2017,822,75,4,1,20064,0.986489,2,0,1
976,2017,825,75,5,1,21911,0.998812,12,0,1
976,2017,828,75,10,1,56469,1.026456,17,0,0
976,2017,832,75,9,1,30559,1.012743,15,0,1
976,2017,836,75,11,1,56595,1.026181,14,0,1
976,2017,838,75,12,1,67884,1.037526,18,0,0
976,2017,839,75,3,1,19388,0.986196,7,0,1
976,2017,840,75,2,1,5302,0.987184,8,0,1
977,2017,1,10,6,1,13537,1.020329,8,0,1
977,2017,8,10,4,1,9213,1.010042,3,0,1
977,2017,13,10,9,1,17916,1.023719,17,0,1
977,2017,20,10,2,1,3102,1.005356,2,0,1
977,2017,154,10,5,1,12804,1.017593,6,0,1
977,2017,807,10,15,1,25988,1.037245,11,0,0
977,2017,815,10,7,1,15016,1.02346,7,0,1
977,2017,817,10,3,1,5120,1.004398,4,0,1
977,2017,822,10,1,0,0,1.0,1,0,1
977,2017,825,10,11,1,22109,1.032573,15,0,0
977,2017,826,10,18,1,66648,1.027095,14,0,0
977,2017,828,10,17,1,28778,1.048395,19,0,0
977,2017,832,10,14,1,25491,1.04579,10,0,0
977,2017,835,10,12,1,23372,1.031717,16,0,0
977,2017,836,10,16,1,28002,1.033394,20,0,0
977,2017,838,10,13,1,24427,1.038354,13,0,0
977,2017,839,10,8,1,16668,1.023215,9,0,1
977,2017,840,10,10,1,20078,1.027772,18,0,1
977,2017,1,25,5,1,16598,1.008696,8,0,1
977,2017,8,25,4,1,15007,1.009275,3,0,1
977,2017,13,25,9,1,34415,1.025012,17,0,1
977,2017,20,25,2,1,5206,1.004077,2,0,1
977,2017,154,25,6,1,27495,1.02066,6,0,1
977,2017,807,25,17,1,67383,1.035298,11,0,0
977,2017,815,25,7,1,29594,1.023046,7,0,1
977,2017,817,25,3,1,8922,1.004988,4,0,1
977,2017,822,25,1,0,0,1.0,1,0,1
977,2017,825,25,11,1,39715,1.026414,15,0,0
977,2017,826,25,18,2,106277,1.037542,14,0,0
977,2017,828,25,16,1,53970,1.036195,19,0,0
977,2017,832,25,14,1,47214,1.033412,10,0,0
977,2017,835,25,12,1,42433,1.030433,16,0,0
977,2017,836,25,15,1,51013,1.033368,20,0,0
977,2017,838,25,13,1,43445,1.029494,13,0,0
977,2017,839,25,8,1,31125,1.02413,9,0,1
977,2017,840,25,10,1,38989,1.027636,18,0,1
977,2017,1,50,5,1,36037,1.003932,8,0,1
977,2017,8,50,2,1,19498,1.0073,3,0,1
977,2017,13,50,9,1,55566,1.019746,17,0,1
977,2017,20,50,3,1,28347,1.003455,2,0,1
977,2017,154,50,6,1,44257,1.017115,6,0,1
977,2017,807,50,16,2,104391,1.031656,11,0,0
977,2017,815,50,8,1,51222,1.017599,7,0,1
977,2017,817,50,4,1,32811,1.004322,4,0,1
977,2017,822,50,1,0,0,1.0,1,0,1
977,2017,826,50,17,3,146535,1.029417,14,0,0
977,2017,828,50,15,2,96720,1.033665,19,0,0
977,2017,832,50,11,2,67960,1.022969,10,0,0
977,2017,835,50,12,2,69445,1.023879,16,0,0
977,2017,836,50,13,2,83637,1.031598,20,0,0
977,2017,838,50,14,2,87818,1.024226,13,0,0
977,2017,839,50,7,1,48760,1.016262,9,0,1
977,2017,840,50,10,2,64368,1.02479,18,0,1
977,2017,1,75,4,1,14312,1.002047,8,0,1
977,2017,8,75,5,1,21201,1.003927,3,0,1
977,2017,13,75,9,1,67303,1.017943,17,0,1
977,2017,20,75,2,1,3773,1.001823,2,0,1
977,2017,154,75,6,1,55652,1.015303,6,0,1
977,2017,807,75,13,2,108366,1.027901,11,0,0
977,2017,815,75,7,1,59863,1.015007,7,0,1
977,2017,817,75,3,1,10726,1.003233,4,0,1
977,2017,822,75,1,0,0,1.0,1,0,1
977,2017,826,75,16,3,168924,1.025218,14,0,0
977,2017,828,75,15,2,117517,1.030895,19,0,0
977,2017,835,75,11,2,86196,1.022824,16,0,0
977,2017,836,75,14,2,111794,1.027669,20,0,0
977,2017,838,75,12,2,103815,1.023562,13,0,0
977,2017,839,75,8,1,66432,1.0162,9,0,1
977,2017,840,75,10,2,85194,1.02388,18,0,1
978,2017,1,10,1,0,0,1.0,1,0,1
978,2017,4,10,13,1,11599,0.992809,20,0,0
978,2017,8,10,2,1,1411,0.997853,2,0,1
978,2017,13,10,10,1,10072,1.003502,14,0,1
978,2017,20,10,4,1,4291,1.002196,3,0,1
978,2017,154,10,11,1,10562,1.001212,10,0,0
978,2017,807,10,5,1,5457,1.003861,5,0,1
978,2017,815,10,8,1,8535,1.005316,6,0,1
978,2017,817,10,18,1,14789,0.99804,19,0,1
978,2017,822,10,6,1,7058,1.00657,9,0,1
978,2017,825,10,14,1,12362,0.997587,16,0,0
978,2017,826,10,17,1,14627,0.897681,12,0,0
978,2017,828,10,16,1,14453,0.995511,18,0,0
978,2017,830,10,3,1,3165,1.00443,4,0,1
978,2017,836,10,15,1,13910,0.983969,17,0,0
978,2017,838,10,9,1,9188,1.004022,8,0,0
978,2017,839,10,7,1,7848,1.007329,7,0,1
978,2017,840,10,12,1,11157,0.999278,15,0,0
978,2017,1,25,1,0,0,1.0,1,0,1
978,2017,4,25,14,1,34369,1.042382,20,0,0
978,2017,8,25,2,1,3168,1.004048,2,0,1
978,2017,13,25,10,1,29135,1.028322,14,0,1
978,2017,20,25,4,1,10688,1.011222,3,0,1
978,2017,154,25,11,1,31081,1.029361,10,0,0
978,2017,807,25,6,1,18984,1.023397,5,0,1
978,2017,815,25,8,1,24881,1.025581,6,0,1
978,2017,817,25,13,1,32866,1.032338,19,0,1
978,2017,822,25,5,1,13612,1.009487,9,0,1
978,2017,825,25,15,1,35415,1.041054,16,0,0
978,2017,826,25,18,1,51084,1.063873,12,0,0
978,2017,828,25,16,1,37401,1.032477,18,0,0
978,2017,830,25,3,1,9804,1.011115,4,0,1
978,2017,836,25,17,1,38841,1.043399,17,0,0
978,2017,838,25,9,1,27229,1.027305,8,0,0
978,2017,839,25,7,1,23883,1.027669,7,0,1
978,2017,840,25,12,1,32357,1.033655,15,0,0
978,2017,1,50,1,0,0,1.0,1,0,1
978,2017,4,50,16,1,87335,1.03078,20,0,0
978,2017,8,50,3,1,31095,1.003625,2,0,1
978,2017,13,50,8,1,64187,1.028133,14,0,1
978,2017,20,50,4,1,35756,1.010681,3,0,1
978,2017,154,50,15,1,84720,1.031516,10,0,0
978,2017,807,50,9,1,69096,1.020578,5,0,1
978,2017,815,50,12,1,73883,1.025582,6,0,1
978,2017,817,50,6,1,56574,1.020374,19,0,1
978,2017,822,50,2,1,19362,1.009311,9,0,1
978,2017,825,50,10,1,71429,1.030158,16,0,0
978,2017,826,50,18,1,93355,1.030678,12,0,0
978,2017,828,50,13,1,77909,1.032139,18,0,0
978,2017,830,50,5,1,40369,1.010992,4,0,1
978,2017,836,50,14,1,80371,1.033508,17,0,0
978,2017,838,50,7,1,61148,1.0254,8,0,0
978,2017,839,50,11,1,72984,1.024213,7,0,1
978,2017,840,50,17,1,89729,1.03099,15,0,0
978,2017,1,75,1,0,0,1.0,1,0,1
978,2017,8,75,2,1,12525,1.00476,2,0,1
978,2017,13,75,10,1,83680,1.027268,14,0,1
978,2017,20,75,3,1,16945,0.999838,3,0,1
978,2017,154,75,12,1,89345,1.028657,10,0,0
978,2017,807,75,6,1,63701,1.020623,5,0,1
978,2017,815,75,9,1,82617,1.024295,6,0,1
978,2017,817,75,7,1,72867,1.017328,19,0,1
978,2017,822,75,4,1,19675,1.006763,9,0,1
978,2017,825,75,13,2,77524,1.029991,16,0,0
978,2017,826,75,16,2,125618,1.031396,12,0,0
978,2017,828,75,15,2,105235,1.030809,18,0,0
978,2017,830,75,5,1,28644,1.004738,4,0,1
978,2017,836,75,17,2,127009,1.036291,17,0,0
978,2017,838,75,11,1,85939,1.025997,8,0,0
978,2017,839,75,8,1,81888,1.023735,7,0,1
978,2017,840,75,14,2,95315,1.029517,15,0,0
979,2017,1,10,5,1,4551,0.99257,4,0,1
979,2017,4,10,7,1,6663,0.998655,7,0,1
979,2017,8,10,2,1,1290,0.996527,2,0,1
979,2017,20,10,1,0,0,1.0,1,0,1
979,2017,154,10,16,1,12642,0.997618,14,0,0
979,2017,807,10,12,1,9839,1.0001,12,0,0
979,2017,814,10,17,1,13470,0.997096,19,0,0
979,2017,815,10,8,1,7368,0.999892,13,0,1
979,2017,822,10,3,1,2624,0.995575,3,0,1
979,2017,825,10,13,1,10572,1.000154,15,0,0
979,2017,826,10,14,1,11313,1.000599,16,0,0
979,2017,828,10,18,1,13796,0.99582,20,0,0
979,2017,830,10,4,1,3599,0.99138,5,0,1
979,2017,832,10,6,1,5842,0.996212,9,0,1
979,2017,835,10,11,1,9457,1.000015,10,0,0
979,2017,836,10,19,1,14071,1.006385,18,0,0
979,2017,838,10,9,1,8141,0.999278,8,0,1
979,2017,839,10,10,1,8797,0.997826,11,0,1
979,2017,840,10,15,1,11860,1.001298,17,0,0
979,2017,1,25,5,1,13203,1.01045,4,0,1
979,2017,4,25,7,1,27505,1.026328,7,0,1
979,2017,8,25,2,1,2919,1.002185,2,0,1
979,2017,20,25,1,0,0,1.0,1,0,1
979,2017,154,25,16,1,47906,1.041729,14,0,0
979,2017,807,25,12,1,37845,1.035112,12,0,0
979,2017,814,25,17,1,50928,1.041324,19,0,0
979,2017,815,25,8,1,29982,1.027228,13,0,1
979,2017,822,25,3,1,9162,1.008259,3,0,1
979,2017,825,25,13,1,42876,1.037545,15,0,0
979,2017,826,25,14,1,44677,1.036929,16,0,0
979,2017,828,25,19,1,55243,1.044373,20,0,0
979,2017,830,25,4,1,11334,1.009243,5,0,1
979,2017,832,25,6,1,25141,1.022519,9,0,1
979,2017,835,25,11,1,36507,1.029425,10,0,0
979,2017,836,25,18,1,53491,1.044723,18,0,0
979,2017,838,25,9,1,31865,1.027222,8,0,1
979,2017,839,25,10,1,34424,1.028121,11,0,1
979,2017,840,25,15,1,46124,1.039459,17,0,0
979,2017,1,50,5,1,16391,0.999398,4,0,1
979,2017,4,50,7,1,31990,1.009307,7,0,1
979,2017,8,50,3,1,11161,0.99634,2,0,1
979,2017,20,50,2,1,10037,0.996809,1,0,1
979,2017,807,50,11,1,43985,1.012558,12,0,0
979,2017,814,50,16,2,92918,1.032502,19,0,0
979,2017,815,50,8,1,36646,1.010258,13,0,1
979,2017,822,50,4,1,14966,0.996918,3,0,1
979,2017,825,50,14,1,75841,1.025863,15,0,0
979,2017,826,50,13,1,58455,1.020216,16,0,0
979,2017,828,50,17,2,95758,1.034747,20,0,0
979,2017,830,50,1,0,0,1.0,5,0,1
979,2017,832,50,6,1,31179,1.012835,9,0,1
979,2017,835,50,12,1,50225,1.018422,10,0,0
979,2017,836,50,18,2,114333,1.033622,18,0,0
979,2017,838,50,9,1,37014,1.010921,8,0,1
979,2017,839,50,10,1,42758,1.012281,11,0,1
979,2017,840,50,15,1,80360,1.027898,17,0,0
979,2017,1,75,3,1,2303,0.998778,4,0,1
979,2017,4,75,6,1,61800,1.012817,7,0,1
979,2017,8,75,2,1,870,1.000182,2,0,1
979,2017,20,75,1,0,0,1.0,1,0,1
979,2017,807,75,12,1,78632,1.013144,12,0,0
979,2017,814,75,18,2,135040,1.035252,19,0,0
979,2017,815,75,8,1,67747,1.013301,13,0,1
979,2017,822,75,4,1,5520,1.000339,3,0,1
979,2017,825,75,11,1,78128,1.020091,15,0,0
979,2017,826,75,13,1,80009,1.019522,16,0,0
979,2017,828,75,16,2,124685,1.033594,20,0,0
979,2017,830,75,5,1,13205,1.000811,5,0,1
979,2017,832,75,7,1,66184,1.014826,9,0,1
979,2017,835,75,14,2,92262,1.021619,10,0,0
979,2017,836,75,17,2,131750,1.032892,18,0,0
979,2017,838,75,10,1,72744,1.013712,8,0,1
979,2017,839,75,9,1,70427,1.015092,11,0,1
979,2017,840,75,15,2,103967,1.025431,17,0,0
980,2017,1,10,1,0,0,1.0,1,0,1
980,2017,4,10,9,1,16986,1.032675,10,0,0
980,2017,8,10,4,1,5301,1.007586,4,0,1
980,2017,13,10,14,1,21362,1.035141,16,0,1
980,2017,20,10,2,1,1582,1.001106,2,0,1
980,2017,154,10,11,1,18847,1.031415,11,0,1
980,2017,807,10,7,1,12595,1.015934,7,0,1
980,2017,815,10,10,1,17685,1.030156,8,0,0
980,2017,817,10,6,1,8336,1.010994,6,0,1
980,2017,822,10,3,1,4133,1.006073,3,0,1
980,2017,825,10,12,1,20236,1.040597,12,0,0
980,2017,826,10,17,1,23492,1.03747,19,0,0
980,2017,828,10,19,1,25196,1.038068,17,0,0
980,2017,830,10,5,1,6807,1.00939,5,0,0
980,2017,832,10,15,1,22035,1.03689,13,0,1
980,2017,835,10,13,1,21112,1.037234,14,0,0
980,2017,838,10,18,1,23962,1.037407,20,0,0
980,2017,839,10,8,1,15708,1.029294,9,0,1
980,2017,840,10,16,1,22819,1.03786,15,0,0
980,2017,1,25,1,0,0,1.0,1,0,1
980,2017,4,25,12,1,42441,1.035331,10,0,0
980,2017,8,25,4,1,10662,1.009323,4,0,1
980,2017,13,25,10,1,40288,1.03106,16,0,1
980,2017,20,25,2,1,1605,1.0008,2,0,1
980,2017,154,25,9,1,37765,1.028352,11,0,1
980,2017,807,25,6,1,24589,1.018547,7,0,1
980,2017,815,25,7,1,31844,1.026235,8,0,0
980,2017,817,25,5,1,16994,1.013186,6,0,1
980,2017,822,25,3,1,7362,1.00637,3,0,1
980,2017,825,25,15,1,55609,1.041247,12,0,0
980,2017,826,25,13,1,45227,1.038757,19,0,0
980,2017,828,25,18,1,67806,1.040938,17,0,0
980,2017,832,25,11,1,41170,1.032641,13,0,1
980,2017,835,25,16,1,60441,1.039902,14,0,0
980,2017,838,25,14,1,46686,1.038375,20,0,0
980,2017,839,25,8,1,34917,1.023718,9,0,1
980,2017,840,25,17,1,61789,1.039393,15,0,0
980,2017,1,50,1,0,0,1.0,1,0,1
980,2017,4,50,12,1,71022,1.029554,10,0,0
980,2017,8,50,6,1,47651,1.009667,4,0,1
980,2017,13,50,11,1,66010,1.026778,16,0,1
980,2017,20,50,2,1,1378,1.000336,2,0,1
980,2017,154,50,9,1,59546,1.022415,11,0,1
980,2017,807,50,5,1,44103,1.015416,7,0,1
980,2017,815,50,8,1,54236,1.020651,8,0,0
980,2017,817,50,4,1,21713,1.011453,6,0,1
980,2017,822,50,3,1,7407,1.003881,3,0,1
980,2017,825,50,10,1,64940,1.022396,12,0,0
980,2017,826,50,16,1,78445,1.032349,19,0,0
980,2017,828,50,18,1,97354,1.038203,17,0,0
980,2017,832,50,15,1,76421,1.029554,13,0,1
980,2017,835,50,13,1,72348,1.023278,14,0,0
980,2017,838,50,17,1,90074,1.03594,20,0,0
980,2017,839,50,7,1,51737,1.018952,9,0,1
980,2017,840,50,14,1,74094,1.027491,15,0,0
980,2017,1,75,1,0,0,1.0,1,0,1
980,2017,8,75,5,1,4538,1.010095,4,0,1
980,2017,13,75,8,1,8435,1.02239,16,0,1
980,2017,20,75,2,1,1135,1.000418,2,0,1
980,2017,154,75,7,1,7322,1.022681,11,0,1
980,2017,807,75,6,1,5619,1.015088,7,0,1
980,2017,815,75,14,1,13999,1.021863,8,0,0
980,2017,817,75,4,1,3096,1.009686,6,0,1
980,2017,822,75,3,1,2411,1.003738,3,0,1
980,2017,825,75,9,1,9152,1.021717,12,0,0
980,2017,826,75,13,1,13573,1.030057,19,0,0
980,2017,828,75,17,1,60384,1.036714,17,0,0
980,2017,832,75,11,1,11143,1.028129,13,0,1
980,2017,835,75,15,1,15152,1.024682,14,0,0
980,2017,838,75,16,1,22855,1.033449,20,0,0
980,2017,839,75,10,1,10140,1.019535,9,0,1
980,2017,840,75,12,1,11840,1.023391,15,0,0
981,2017,1,10,1,0,0,1.0,1,0,1
981,2017,4,10,15,1,18868,1.021176,19,0,0
981,2017,8,10,6,1,8631,1.016979,5,0,1
981,2017,13,10,7,1,10067,1.01753,7,0,1
981,2017,20,10,4,1,6825,1.008394,6,0,1
981,2017,154,10,19,1,58352,1.094583,20,0,0
981,2017,807,10,12,1,16955,1.030156,14,0,0
981,2017,815,10,8,1,11662,1.015878,10,0,1
981,2017,817,10,11,1,16044,1.021953,16,0,1
981,2017,822,10,2,1,3634,1.000597,4,0,1
981,2017,825,10,9,1,14532,1.024254,9,0,0
981,2017,826,10,10,1,15529,1.024643,8,0,0
981,2017,828,10,16,1,22784,1.038654,11,0,0
981,2017,830,10,20,1,71131,1.182627,13,0,1
981,2017,832,10,13,1,17456,1.027263,15,0,0
981,2017,835,10,17,1,23669,1.037593,17,0,0
981,2017,836,10,18,1,25359,1.041564,12,0,0
981,2017,838,10,14,1,18151,1.026851,18,0,0
981,2017,839,10,3,1,6062,1.014342,3,0,1
981,2017,840,10,5,1,7869,1.01822,2,0,1
981,2017,1,25,1,0,0,1.0,1,0,1
981,2017,4,25,14,1,43385,1.029684,19,0,0
981,2017,8,25,6,1,18682,1.013911,5,0,1
981,2017,13,25,7,1,21289,1.017502,7,0,1
981,2017,20,25,3,1,11967,1.010202,6,0,1
981,2017,154,25,19,1,72631,1.022016,20,0,0
981,2017,807,25,18,1,57103,1.030227,14,0,0
981,2017,815,25,8,1,22902,1.017455,10,0,1
981,2017,817,25,9,1,23895,1.013724,16,0,1
981,2017,822,25,2,1,3101,0.998061,4,0,1
981,2017,825,25,17,1,56077,1.027599,9,0,0
981,2017,826,25,10,1,34026,1.026414,8,0,0
981,2017,828,25,15,1,49135,1.039536,11,0,0
981,2017,830,25,20,1,74013,1.00341,13,0,1
981,2017,832,25,13,1,43137,1.029637,15,0,0
981,2017,835,25,12,1,42275,1.026811,17,0,0
981,2017,836,25,16,1,50015,1.037982,12,0,0
981,2017,838,25,11,1,34543,1.025065,18,0,0
981,2017,839,25,4,1,17393,1.015721,3,0,1
981,2017,840,25,5,1,17989,1.014524,2,0,1
981,2017,1,50,1,0,0,1.0,1,0,1
981,2017,4,50,11,1,77602,1.030403,19,0,0
981,2017,8,50,6,1,57442,1.013187,5,0,1
981,2017,13,50,9,1,62632,1.016677,7,0,1
981,2017,20,50,3,1,21718,1.006641,6,0,1
981,2017,154,50,18,2,100762,1.022919,20,0,0
981,2017,807,50,13,1,81048,1.019722,14,0,0
981,2017,815,50,5,1,43671,1.016349,10,0,1
981,2017,817,50,4,1,36055,1.011805,16,0,1
981,2017,822,50,2,1,4720,0.999754,4,0,1
981,2017,825,50,12,1,80136,1.023798,9,0,0
981,2017,826,50,14,1,82169,1.027042,8,0,0
981,2017,828,50,19,2,116208,1.03978,11,0,0
981,2017,830,50,17,2,87137,1.007792,13,0,1
981,2017,832,50,16,2,85122,1.029504,15,0,0
981,2017,835,50,15,2,73770,1.024905,17,0,0
981,2017,836,50,20,2,117073,1.037653,12,0,0
981,2017,838,50,10,1,66986,1.026304,18,0,0
981,2017,839,50,7,1,58500,1.016256,3,0,1
981,2017,840,50,8,1,59380,1.014909,2,0,1
981,2017,1,75,1,0,0,1.0,1,0,1
981,2017,4,75,15,2,98979,1.028885,19,0,0
981,2017,8,75,4,1,41573,1.00952,5,0,1
981,2017,13,75,8,1,49217,1.015393,7,0,1
981,2017,20,75,3,1,27592,1.006811,6,0,1
981,2017,154,75,16,2,129304,1.024102,20,0,0
981,2017,807,75,12,2,81305,1.019682,14,0,0
981,2017,815,75,9,1,58268,1.0151,10,0,1
981,2017,817,75,5,1,43104,1.010967,16,0,1
981,2017,822,75,2,1,4678,1.000774,4,0,1
981,2017,825,75,10,1,80890,1.019274,9,0,0
981,2017,826,75,11,1,82636,1.023717,8,0,0
981,2017,828,75,18,2,141026,1.037747,11,0,0
981,2017,830,75,14,2,90892,1.007151,13,0,1
981,2017,832,75,13,2,83453,1.019882,15,0,0
981,2017,836,75,17,2,131210,1.036539,12,0,0
981,2017,839,75,6,1,47735,1.012878,3,0,1
981,2017,840,75,7,1,48536,1.012363,2,0,1
982,2017,1,10,1,0,0,1.0,5,0,1
982,2017,4,10,12,1,17880,0.97671,8,0,0
982,2017,13,10,14,1,19285,0.973832,17,0,0
982,2017,154,10,15,1,21533,0.973078,15,0,1
982,2017,807,10,3,1,5970,0.995836,7,0,0
982,2017,815,10,4,1,7235,0.994118,12,0,1
982,2017,817,10,2,1,3558,0.998725,3,0,1
982,2017,822,10,6,1,10360,0.992759,6,0,1
982,2017,825,10,10,1,14618,0.979653,16,0,0
982,2017,826,10,11,1,16146,0.97772,13,0,0
982,2017,828,10,16,1,23113,0.96725,20,0,0
982,2017,832,10,9,1,13658,0.981084,10,0,1
982,2017,835,10,5,1,8817,0.990008,11,0,1
982,2017,836,10,17,1,24456,0.96515,19,0,0
982,2017,838,10,7,1,11247,0.98459,9,0,1
982,2017,839,10,8,1,12654,0.983645,14,0,1
982,2017,840,10,13,1,18700,0.976412,18,0,1
982,2017,1,25,1,0,0,1.0,5,0,1
982,2017,13,25,10,1,6812,1.103029,17,0,0
982,2017,154,25,11,1,7450,1.102645,15,0,1
982,2017,807,25,5,1,3148,1.02601,7,0,0
982,2017,815,25,6,1,3891,1.094763,12,0,1
982,2017,817,25,2,1,1066,1.041931,3,0,1
982,2017,822,25,3,1,2050,1.069055,6,0,1
982,2017,825,25,14,1,9325,1.024082,16,0,0
982,2017,828,25,15,1,10262,1.100485,20,0,0
982,2017,832,25,4,1,2656,1.073933,10,0,1
982,2017,835,25,7,1,4614,1.062656,11,0,1
982,2017,836,25,13,1,8802,1.026672,19,0,0
982,2017,838,25,9,1,5896,1.081236,9,0,1
982,2017,839,25,12,1,8060,1.105506,14,0,1
982,2017,840,25,8,1,5458,1.102555,18,0,1
982,2017,1,50,1,0,0,1.0,5,0,1
982,2017,13,50,13,1,122689,1.077284,17,0,0
982,2017,154,50,11,1,94925,1.058551,15,0,1
982,2017,807,50,5,1,41458,1.034222,7,0,0
982,2017,815,50,6,1,43958,1.039768,12,0,1
982,2017,817,50,2,1,17329,1.018008,3,0,1
982,2017,822,50,3,1,34714,1.042312,6,0,1
982,2017,825,50,10,1,92014,1.070189,16,0,0
982,2017,828,50,14,2,89544,1.070075,20,0,0
982,2017,832,50,7,1,64746,1.038031,10,0,1
982,2017,835,50,4,1,39061,1.040543,11,0,1
982,2017,836,50,15,2,151885,1.0783,19,0,0
982,2017,838,50,8,1,81177,1.051267,9,0,1
982,2017,839,50,12,1,96031,1.059105,14,0,1
982,2017,840,50,9,1,88598,1.057906,18,0,1
982,2017,1,75,1,0,0,1.0,5,0,1
982,2017,13,75,12,1,15241,1.069371,17,0,0
982,2017,154,75,9,1,12980,1.040353,15,0,1
982,2017,807,75,10,1,13619,1.024641,7,0,0
982,2017,815,75,5,1,7647,1.027125,12,0,1
982,2017,817,75,2,1,4280,1.002184,3,0,1
982,2017,822,75,3,1,5388,1.014937,6,0,1
982,2017,825,75,13,1,18536,1.036394,16,0,0
982,2017,832,75,4,1,6851,1.026358,10,0,1
982,2017,835,75,6,1,9336,1.029501,11,0,1
982,2017,836,75,14,3,242387,1.085262,19,0,0
982,2017,838,75,7,1,10815,1.036345,9,0,1
982,2017,839,75,11,1,14335,1.035714,14,0,1
982,2017,840,75,8,1,12270,1.0338,18,0,1
983,2017,1,10,2,1,1305,1.005606,1,0,1
983,2017,4,10,10,1,15929,1.020693,10,0,0
983,2017,13,10,8,1,14317,1.020657,11,0,1
983,2017,20,10,11,1,16811,1.02336,20,0,1
983,2017,154,10,16,1,21598,1.027082,16,0,0
983,2017,807,10,12,1,17175,1.022727,8,0,0
983,2017,815,10,6,1,10608,1.017713,9,0,1
983,2017,817,10,4,1,6764,1.012962,4,0,1
983,2017,822,10,3,1,5914,1.014434,5,0,1
983,2017,825,10,9,1,15117,1.020555,17,0,0
983,2017,828,10,18,1,25380,1.036013,19,0,0
983,2017,830,10,1,0,0,1.0,3,0,1
983,2017,832,10,14,1,19443,1.026428,14,0,0
983,2017,835,10,13,1,18499,1.024209,12,0,0
983,2017,836,10,17,1,24109,1.037712,18,0,0
983,2017,838,10,5,1,9494,1.017111,7,0,1
983,2017,839,10,19,1,31511,1.035822,6,0,1
983,2017,840,10,7,1,13017,1.018336,13,0,1
983,2017,842,10,15,1,20646,1.02631,15,0,0
983,2017,1,25,2,1,6217,1.006097,1,0,1
983,2017,4,25,8,1,35983,1.023791,10,0,0
983,2017,13,25,13,1,52303,1.023068,11,0,1
983,2017,20,25,6,1,29780,1.019991,20,0,1
983,2017,154,25,19,1,65557,1.027596,16,0,0
983,2017,807,25,17,1,57143,1.02581,8,0,0
983,2017,815,25,5,1,22952,1.017317,9,0,1
983,2017,817,25,3,1,12033,1.010775,4,0,1
983,2017,822,25,4,1,20248,1.015515,5,0,1
983,2017,825,25,16,1,56195,1.025402,17,0,0
983,2017,828,25,15,1,56050,1.037127,19,0,0
983,2017,830,25,1,0,0,1.0,3,0,1
983,2017,832,25,9,1,39126,1.024756,14,0,0
983,2017,835,25,10,1,40938,1.025799,12,0,0
983,2017,836,25,12,1,50802,1.03325,18,0,0
983,2017,838,25,7,1,32846,1.021695,7,0,1
983,2017,839,25,11,1,45576,1.01647,6,0,1
983,2017,840,25,14,1,52737,1.022077,13,0,1
983,2017,842,25,18,1,63955,1.026873,15,0,0
983,2017,1,50,3,1,23818,1.003227,1,0,1
983,2017,4,50,15,1,80759,1.021401,10,0,0
983,2017,13,50,10,1,76177,1.020301,11,0,1
983,2017,20,50,5,1,33445,1.005044,20,0,1
983,2017,154,50,18,1,90661,1.023125,16,0,0
983,2017,807,50,13,1,78519,1.019723,8,0,0
983,2017,815,50,6,1,35294,1.010254,9,0,1
983,2017,817,50,1,0,0,1.0,4,0,1
983,2017,822,50,4,1,29228,1.011033,5,0,1
983,2017,825,50,12,1,78333,1.019237,17,0,0
983,2017,828,50,19,1,102488,1.036647,19,0,0
983,2017,830,50,2,1,0,0.998487,3,0,1
983,2017,832,50,7,1,59894,1.018757,14,0,0
983,2017,835,50,14,1,80226,1.019335,12,0,0
983,2017,836,50,17,1,88866,1.030962,18,0,0
983,2017,838,50,8,1,71621,1.019656,7,0,1
983,2017,839,50,11,1,76719,1.012655,6,0,1
983,2017,840,50,9,1,73844,1.019867,13,0,1
983,2017,842,50,16,1,85375,1.020998,15,0,0
983,2017,1,75,2,1,9623,1.003548,1,0,1
983,2017,4,75,12,2,98458,1.021008,10,0,0
983,2017,13,75,9,1,88236,1.02073,11,0,1
983,2017,20,75,4,1,21551,1.003274,20,0,1
983,2017,154,75,16,2,124091,1.024976,16,0,0
983,2017,807,75,11,2,92256,1.018916,8,0,0
983,2017,815,75,6,1,60353,1.013141,9,0,1
983,2017,817,75,3,1,16441,1.002264,4,0,1
983,2017,822,75,5,1,40049,1.010645,5,0,1
983,2017,825,75,13,2,102740,1.022158,17,0,0
983,2017,828,75,18,2,161231,1.039261,19,0,0
983,2017,830,75,1,0,0,1.0,3,0,1
983,2017,835,75,15,2,110999,1.020325,12,0,0
983,2017,836,75,17,2,136995,1.032279,18,0,0
983,2017,838,75,7,1,83105,1.019647,7,0,1
983,2017,839,75,10,1,91263,1.014835,6,0,1
983,2017,840,75,8,1,85127,1.019622,13,0,1
983,2017,842,75,14,2,105636,1.021847,15,0,0
984,2017,1,10,1,0,0,1.0,1,0,1
984,2017,4,10,15,1,16342,1.065489,20,0,0
984,2017,8,10,9,1,10583,1.044205,10,0,1
984,2017,13,10,7,1,7874,1.032841,8,0,1
984,2017,154,10,11,1,12055,1.041798,13,0,1
984,2017,807,10,8,1,9254,1.036439,11,0,0
984,2017,815,10,6,1,6551,1.02166,7,0,1
984,2017,817,10,4,1,4710,1.007426,3,0,1
984,2017,822,10,5,1,5699,1.013101,6,0,1
984,2017,825,10,10,1,11055,1.035793,12,0,1
984,2017,828,10,14,1,15664,1.060772,16,0,0
984,2017,830,10,2,1,1340,1.003585,4,0,1
984,2017,835,10,13,1,14501,1.05467,18,0,0
984,2017,836,10,18,1,38398,1.166733,17,0,0
984,2017,838,10,16,1,17186,1.076018,9,0,0
984,2017,839,10,3,1,3967,1.004928,5,0,1
984,2017,840,10,17,1,35739,1.114612,15,0,0
984,2017,842,10,12,1,13294,1.050755,14,0,0
984,2017,1,25,1,0,0,1.0,1,0,1
984,2017,4,25,14,1,33593,1.042682,20,0,0
984,2017,8,25,8,1,20159,1.020256,10,0,1
984,2017,13,25,7,1,19834,1.021333,8,0,1
984,2017,154,25,11,1,26459,1.02941,13,0,1
984,2017,807,25,9,1,22501,1.024972,11,0,0
984,2017,815,25,6,1,16332,1.017751,7,0,1
984,2017,817,25,3,1,10174,1.013261,3,0,1
984,2017,822,25,4,1,12969,1.01856,6,0,1
984,2017,825,25,10,1,25279,1.029946,12,0,1
984,2017,830,25,2,1,3613,1.002689,4,0,1
984,2017,835,25,13,1,30874,1.033118,18,0,0
984,2017,836,25,17,1,60501,1.070574,17,0,0
984,2017,838,25,16,1,53121,1.050223,9,0,0
984,2017,839,25,5,1,15250,1.018266,5,0,1
984,2017,840,25,15,1,52147,1.08926,15,0,0
984,2017,842,25,12,1,28697,1.027945,14,0,0
984,2017,1,50,2,1,1360,0.992762,1,0,1
984,2017,4,50,16,1,63304,1.020651,20,0,0
984,2017,8,50,4,1,12397,1.004134,10,0,1
984,2017,13,50,10,1,43200,1.011862,8,0,1
984,2017,154,50,12,1,49029,1.013601,13,0,1
984,2017,807,50,6,1,26558,1.009498,11,0,0
984,2017,815,50,8,1,36285,1.009144,7,0,1
984,2017,817,50,5,1,17314,0.998657,3,0,1
984,2017,822,50,1,0,0,1.0,6,0,1
984,2017,825,50,11,1,44935,1.014361,12,0,1
984,2017,830,50,3,1,3336,0.993981,4,0,1
984,2017,835,50,9,1,40725,1.015757,18,0,0
984,2017,836,50,17,2,84723,1.026358,17,0,0
984,2017,838,50,15,1,61131,1.017142,9,0,0
984,2017,839,50,7,1,33986,1.006675,5,0,1
984,2017,840,50,14,1,59413,1.015528,15,0,0
984,2017,842,50,13,1,52317,1.015632,14,0,0
984,2017,1,75,1,0,0,1.0,1,0,1
984,2017,4,75,14,1,82675,1.023632,20,0,0
984,2017,8,75,5,1,36187,1.012542,10,0,1
984,2017,13,75,8,1,70831,1.019695,8,0,1
984,2017,154,75,11,1,72154,1.022811,13,0,1
984,2017,807,75,12,1,72391,1.019474,11,0,0
984,2017,815,75,7,1,52745,1.017764,7,0,1
984,2017,817,75,3,1,11234,1.00669,3,0,1
984,2017,822,75,4,1,20123,1.009727,6,0,1
984,2017,825,75,10,1,71462,1.020616,12,0,1
984,2017,830,75,2,1,2359,1.003205,4,0,1
984,2017,835,75,9,1,71410,1.025085,18,0,0
984,2017,836,75,17,2,156366,1.037085,17,0,0
984,2017,838,75,16,2,101386,1.026372,9,0,0
984,2017,839,75,6,1,51411,1.015437,5,0,1
984,2017,840,75,15,2,99642,1.024299,15,0,0
984,2017,842,75,13,1,76418,1.0233,14,0,0
985,2017,1,10,1,0,0,1.0,1,0,1
985,2017,4,10,7,1,14153,1.019919,8,0,0
985,2017,8,10,5,1,8277,1.008703,5,0,1
985,2017,13,10,10,1,17945,1.027818,10,0,1
985,2017,20,10,2,1,0,1.000055,2,0,1
985,2017,154,10,13,1,20944,1.025602,12,0,0
985,2017,815,10,11,1,18669,1.027455,9,0,1
985,2017,817,10,4,1,7089,1.010844,4,0,0
985,2017,822,10,3,1,6450,1.010769,3,0,1
985,2017,825,10,18,1,40999,1.01914,17,0,0
985,2017,826,10,12,1,19479,1.025647,11,0,1
985,2017,828,10,16,1,26259,1.041667,13,0,0
985,2017,830,10,9,1,16331,1.016855,16,0,1
985,2017,832,10,8,1,15483,1.021127,7,0,1
985,2017,838,10,15,1,25137,1.029974,20,0,0
985,2017,839,10,6,1,11708,1.01597,6,0,1
985,2017,840,10,14,1,24378,1.034996,15,0,0
985,2017,843,10,17,1,27050,1.033113,19,0,0
985,2017,1,25,1,0,0,1.0,1,0,1
985,2017,4,25,7,1,26817,1.018258,8,0,0
985,2017,8,25,4,1,10867,1.005741,5,0,1
985,2017,13,25,10,1,32536,1.020843,10,0,1
985,2017,20,25,2,1,3944,1.003448,2,0,1
985,2017,154,25,12,1,36526,1.022778,12,0,0
985,2017,815,25,15,1,50620,1.020774,9,0,1
985,2017,817,25,9,1,29200,1.006589,4,0,0
985,2017,822,25,3,1,7017,1.00388,3,0,1
985,2017,825,25,16,1,55718,1.02005,17,0,0
985,2017,826,25,11,1,33815,1.021285,11,0,1
985,2017,828,25,14,1,44661,1.026926,13,0,0
985,2017,830,25,5,1,17884,1.006242,16,0,1
985,2017,832,25,8,1,28910,1.019305,7,0,1
985,2017,838,25,13,1,39596,1.02261,20,0,0
985,2017,839,25,6,1,23915,1.016229,6,0,1
985,2017,840,25,18,1,62131,1.027542,15,0,0
985,2017,843,25,17,1,60933,1.029144,19,0,0
985,2017,1,50,1,0,0,1.0,1,0,1
985,2017,8,50,4,1,11315,1.004773,5,0,1
985,2017,13,50,6,1,42035,1.01984,10,0,1
985,2017,20,50,2,1,4114,1.001216,2,0,1
985,2017,154,50,11,1,58335,1.020505,12,0,0
985,2017,815,50,8,1,45153,1.01604,9,0,1
985,2017,822,50,3,1,8317,1.002987,3,0,1
985,2017,825,50,12,1,63593,1.018897,17,0,0
985,2017,826,50,10,1,51582,1.018615,11,0,1
985,2017,828,50,16,1,76544,1.024255,13,0,0
985,2017,830,50,5,1,18384,1.003567,16,0,1
985,2017,832,50,9,1,49085,1.017344,7,0,1
985,2017,838,50,15,1,71185,1.020401,20,0,0
985,2017,839,50,7,1,43644,1.013782,6,0,1
985,2017,840,50,13,1,69287,1.019761,15,0,0
985,2017,843,50,14,1,70250,1.019036,19,0,0
985,2017,1,75,1,0,0,1.0,1,0,1
985,2017,8,75,3,1,10227,1.004262,5,0,1
985,2017,13,75,10,1,82980,1.022951,10,0,1
985,2017,20,75,4,1,23218,1.002126,2,0,1
985,2017,154,75,11,1,87623,1.017001,12,0,0
985,2017,815,75,8,1,74574,1.014119,9,0,1
985,2017,822,75,2,1,9466,1.001339,3,0,1
985,2017,825,75,13,1,98975,1.020272,17,0,0
985,2017,826,75,9,1,75858,1.016578,11,0,1
985,2017,828,75,14,2,103165,1.02378,13,0,0
985,2017,830,75,5,1,25137,1.004744,16,0,1
985,2017,832,75,7,1,71796,1.016529,7,0,1
985,2017,838,75,12,1,91713,1.022099,20,0,0
985,2017,839,75,6,1,70980,1.015881,6,0,1
985,2017,840,75,15,2,113965,1.02162,15,0,0
985,2017,843,75,16,2,116861,1.021441,19,0,0
986,2017,1,10,19,1,62474,1.009148,3,0,1
986,2017,4,10,12,1,30439,1.037193,18,0,1
986,2017,8,10,6,1,15325,1.014728,5,0,1
986,2017,13,10,15,1,38830,1.027106,10,0,0
986,2017,20,10,16,1,40113,1.012082,1,0,1
986,2017,154,10,11,1,29851,1.039194,15,0,0
986,2017,807,10,4,1,12493,1.01646,7,0,0
986,2017,815,10,5,1,14465,1.017031,9,0,1
986,2017,822,10,2,1,3822,1.005114,4,0,1
986,2017,825,10,8,1,25244,1.032993,14,0,1
986,2017,828,10,9,1,26449,1.031507,12,0,0
986,2017,830,10,1,0,0,1.0,2,0,1
986,2017,832,10,18,1,53107,1.021623,8,0,0
986,2017,836,10,17,1,51062,1.051583,13,0,0
986,2017,838,10,10,1,27114,1.031262,19,0,0
986,2017,839,10,3,1,10455,1.014004,6,0,1
986,2017,840,10,7,1,19443,1.020174,11,0,1
986,2017,842,10,14,1,36661,1.026,20,0,0
986,2017,843,10,13,1,31339,1.03648,17,0,0
986,2017,1,25,19,1,73905,1.011105,3,0,1
986,2017,4,25,11,1,51122,1.028303,18,0,1
986,2017,8,25,6,1,28486,1.016018,5,0,1
986,2017,13,25,16,1,63840,1.026791,10,0,0
986,2017,20,25,14,1,59178,1.017832,1,0,1
986,2017,154,25,13,1,58679,1.032773,15,0,0
986,2017,807,25,4,1,25104,1.016288,7,0,0
986,2017,815,25,5,1,27795,1.016313,9,0,1
986,2017,822,25,2,1,6063,1.003191,4,0,1
986,2017,825,25,8,1,43788,1.025247,14,0,1
986,2017,828,25,9,1,49505,1.029318,12,0,0
986,2017,830,25,1,0,0,1.0,2,0,1
986,2017,832,25,18,1,72955,1.020709,8,0,0
986,2017,836,25,17,1,72045,1.024159,13,0,0
986,2017,838,25,10,1,50440,1.029121,19,0,0
986,2017,839,25,3,1,21281,1.01346,6,0,1
986,2017,840,25,7,1,32362,1.017444,11,0,1
986,2017,842,25,15,1,61184,1.026987,20,0,0
986,2017,843,25,12,1,54847,1.028033,17,0,0
986,2017,1,50,16,2,100032,1.013049,3,0,1
986,2017,4,50,9,1,76505,1.02372,18,0,1
986,2017,8,50,3,1,31352,1.009594,5,0,1
986,2017,13,50,10,2,80627,1.023553,10,0,0
986,2017,20,50,8,1,69136,1.016186,1,0,1
986,2017,154,50,15,2,99629,1.027747,15,0,0
986,2017,815,50,6,1,49650,1.013843,9,0,1
986,2017,822,50,2,1,7515,1.003167,4,0,1
986,2017,825,50,7,1,67895,1.019932,14,0,1
986,2017,828,50,12,2,85722,1.026837,12,0,0
986,2017,830,50,1,0,0,1.0,2,0,1
986,2017,832,50,17,2,109158,1.02434,8,0,0
986,2017,836,50,14,2,95726,1.024647,13,0,0
986,2017,838,50,11,2,82713,1.026172,19,0,0
986,2017,839,50,4,1,39555,1.010928,6,0,1
986,2017,840,50,5,1,46605,1.013972,11,0,1
986,2017,842,50,13,2,92724,1.026369,20,0,0
986,2017,1,75,11,2,110077,1.012229,3,0,1
986,2017,4,75,9,2,100633,1.024186,18,0,1
986,2017,8,75,3,1,43841,1.002813,5,0,1
986,2017,13,75,10,2,107388,1.025247,10,0,0
986,2017,20,75,6,1,67948,1.010618,1,0,1
986,2017,154,75,16,2,136867,1.026839,15,0,0
986,2017,815,75,7,2,91239,1.014832,9,0,1
986,2017,822,75,2,1,17406,1.002752,4,0,1
986,2017,825,75,8,2,99750,1.019571,14,0,1
986,2017,828,75,13,2,126619,1.027048,12,0,0
986,2017,830,75,1,0,0,1.0,2,0,1
986,2017,832,75,17,2,139971,1.023371,8,0,0
986,2017,836,75,15,2,133720,1.027159,13,0,0
986,2017,838,75,12,2,111390,1.026654,19,0,0
986,2017,839,75,4,1,64237,1.010729,6,0,1
986,2017,840,75,5,1,67370,1.013456,11,0,1
986,2017,842,75,14,2,127531,1.025864,20,0,0
987,2017,1,10,11,1,10572,0.941437,20,0,1
987,2017,4,10,6,1,6148,0.983833,6,0,1
987,2017,8,10,3,1,2329,0.987279,3,0,1
987,2017,13,10,5,1,4907,0.979328,9,0,1
987,2017,20,10,1,0,0,1.0,2,0,1
987,2017,154,10,17,1,14044,0.936626,11,0,0
987,2017,807,10,8,1,8046,0.971363,7,0,1
987,2017,815,10,7,1,6964,0.975304,5,0,1
987,2017,817,10,15,1,12602,0.932142,14,0,1
987,2017,822,10,2,1,1177,0.994636,1,0,1
987,2017,828,10,12,1,10586,0.954338,17,0,0
987,2017,830,10,4,1,3490,0.986538,4,0,1
987,2017,832,10,9,1,9099,0.962516,8,0,0
987,2017,836,10,16,1,13593,0.941814,15,0,0
987,2017,840,10,13,1,11472,0.944607,16,0,0
987,2017,842,10,10,1,9942,0.960904,19,0,0
987,2017,843,10,14,1,12273,0.950993,18,0,0
987,2017,1,25,7,1,16193,1.012652,20,0,1
987,2017,4,25,6,1,14766,1.013044,6,0,1
987,2017,8,25,3,1,5051,1.004456,3,0,1
987,2017,13,25,5,1,13780,1.012375,9,0,1
987,2017,20,25,1,0,0,1.0,2,0,1
987,2017,154,25,17,1,39434,1.036971,11,0,0
987,2017,807,25,9,1,22595,1.02095,7,0,1
987,2017,815,25,8,1,18144,1.017223,5,0,1
987,2017,817,25,10,1,23813,1.022489,14,0,1
987,2017,822,25,2,1,1824,1.001357,1,0,1
987,2017,828,25,15,1,34760,1.036208,17,0,0
987,2017,830,25,4,1,6329,1.005151,4,0,1
987,2017,832,25,11,1,27379,1.027391,8,0,0
987,2017,836,25,16,1,36039,1.030631,15,0,0
987,2017,840,25,13,1,31388,1.027985,16,0,0
987,2017,842,25,12,1,29659,1.028842,19,0,0
987,2017,843,25,14,1,33169,1.030253,18,0,0
987,2017,1,50,1,0,0,1.0,20,0,1
987,2017,4,50,9,1,38540,1.009834,6,0,1
987,2017,8,50,4,1,11096,0.999144,3,0,1
987,2017,13,50,8,1,36172,1.009733,9,0,1
987,2017,20,50,2,1,3992,0.995268,2,0,1
987,2017,154,50,15,1,64632,1.028081,11,0,0
987,2017,807,50,11,1,51610,1.015429,7,0,1
987,2017,815,50,7,1,31254,1.010818,5,0,1
987,2017,817,50,6,1,19906,1.006815,14,0,1
987,2017,822,50,3,1,6669,0.99667,1,0,1
987,2017,828,50,14,1,59465,1.023598,17,0,0
987,2017,830,50,5,1,16402,1.001166,4,0,1
987,2017,832,50,13,1,56015,1.017357,8,0,0
987,2017,836,50,12,1,55428,1.025297,15,0,0
987,2017,840,50,16,1,65024,1.021637,16,0,0
987,2017,842,50,10,1,48342,1.021536,19,0,0
987,2017,843,50,17,1,68134,1.021603,18,0,0
987,2017,1,75,5,1,13121,1.000434,20,0,1
987,2017,4,75,8,1,47006,1.013223,6,0,1
987,2017,8,75,3,1,4864,1.000536,3,0,1
987,2017,13,75,7,1,45688,1.013936,9,0,1
987,2017,20,75,1,0,0,1.0,2,0,1
987,2017,154,75,16,2,139557,1.034913,11,0,0
987,2017,807,75,10,1,63589,1.016372,7,0,1
987,2017,815,75,9,1,50980,1.013929,5,0,1
987,2017,817,75,6,1,42074,1.00766,14,0,1
987,2017,822,75,2,1,2971,1.000407,1,0,1
987,2017,828,75,15,2,103069,1.028264,17,0,0
987,2017,830,75,4,1,9713,1.004322,4,0,1
987,2017,832,75,11,1,71266,1.018597,8,0,0
987,2017,836,75,12,2,88484,1.027355,15,0,0
987,2017,840,75,14,2,99470,1.026962,16,0,0
987,2017,842,75,13,2,94280,1.027342,19,0,0
988,2017,1,10,2,1,1317,0.999341,2,0,1
988,2017,4,10,11,1,20115,1.023978,11,0,1
988,2017,8,10,5,1,7824,1.007273,5,0,1
988,2017,13,10,10,1,19189,1.022584,10,0,1
988,2017,20,10,3,1,3556,1.002591,3,0,1
988,2017,154,10,14,1,23182,1.027547,16,0,0
988,2017,807,10,7,1,12172,1.01381,7,0,1
988,2017,815,10,8,1,15212,1.01826,8,0,1
988,2017,817,10,4,1,5540,1.003191,4,0,0
988,2017,822,10,1,0,0,1.0,1,0,1
988,2017,825,10,20,1,32572,1.03913,14,0,0
988,2017,828,10,19,1,31819,1.037444,19,0,0
988,2017,830,10,6,1,8744,1.007137,6,0,1
988,2017,832,10,12,1,20980,1.024647,12,0,0
988,2017,836,10,17,1,29206,1.038558,18,0,0
988,2017,838,10,15,1,26602,1.035527,13,0,0
988,2017,839,10,9,1,16964,1.019596,9,0,1
988,2017,840,10,13,1,22556,1.027576,15,0,0
988,2017,842,10,16,1,27587,1.037081,17,0,0
988,2017,843,10,18,1,30568,1.038708,20,0,0
988,2017,1,25,2,1,2266,1.001793,2,0,1
988,2017,4,25,11,1,39218,1.023775,11,0,1
988,2017,8,25,5,1,13019,1.006064,5,0,1
988,2017,13,25,10,1,38398,1.022963,10,0,1
988,2017,20,25,3,1,5941,1.003294,3,0,1
988,2017,154,25,13,1,48542,1.029197,16,0,0
988,2017,807,25,7,1,23073,1.01378,7,0,1
988,2017,815,25,8,1,29500,1.017264,8,0,1
988,2017,817,25,4,1,8593,1.003761,4,0,0
988,2017,822,25,1,0,0,1.0,1,0,1
988,2017,825,25,16,1,59858,1.033803,14,0,0
988,2017,828,25,18,1,64251,1.039279,19,0,0
988,2017,830,25,6,1,14637,1.007881,6,0,1
988,2017,832,25,12,1,40785,1.025067,12,0,0
988,2017,836,25,15,1,57071,1.034348,18,0,0
988,2017,838,25,20,1,76194,1.033988,13,0,0
988,2017,839,25,9,1,32771,1.018478,9,0,1
988,2017,840,25,19,1,72346,1.033405,15,0,0
988,2017,842,25,14,1,54281,1.034343,17,0,0
988,2017,843,25,17,1,62854,1.038609,20,0,0
988,2017,1,50,2,1,1239,0.999757,2,0,1
988,2017,4,50,11,1,69661,1.023337,11,0,1
988,2017,8,50,4,1,22552,1.005759,5,0,1
988,2017,13,50,12,1,72984,1.023308,10,0,1
988,2017,20,50,3,1,13220,1.002962,3,0,1
988,2017,154,50,10,1,61924,1.025293,16,0,0
988,2017,807,50,8,1,52345,1.012987,7,0,1
988,2017,815,50,9,1,57782,1.018332,8,0,1
988,2017,822,50,1,0,0,1.0,1,0,1
988,2017,825,50,18,1,100852,1.031465,14,0,0
988,2017,828,50,15,1,93615,1.03596,19,0,0
988,2017,830,50,5,1,24124,1.006581,6,0,1
988,2017,832,50,7,1,46821,1.022477,12,0,0
988,2017,836,50,13,1,79435,1.031407,18,0,0
988,2017,838,50,17,1,98719,1.031407,13,0,0
988,2017,839,50,6,1,41333,1.018872,9,0,1
988,2017,840,50,16,1,95065,1.029257,15,0,0
988,2017,842,50,14,1,90543,1.0304,17,0,0
988,2017,843,50,19,2,88236,1.034837,20,0,0
988,2017,1,75,2,1,1579,1.000551,2,0,1
988,2017,4,75,9,1,91390,1.02292,11,0,1
988,2017,8,75,4,1,34041,1.006728,5,0,1
988,2017,13,75,10,1,94558,1.024319,10,0,1
988,2017,20,75,3,1,20925,1.00449,3,0,1
988,2017,154,75,11,2,106642,1.02422,16,0,0
988,2017,807,75,6,1,70873,1.013461,7,0,1
988,2017,815,75,7,1,77094,1.01764,8,0,1
988,2017,822,75,1,0,0,1.0,1,0,1
988,2017,825,75,13,2,142222,1.030168,14,0,0
988,2017,828,75,17,2,147099,1.036769,19,0,0
988,2017,830,75,5,1,37299,1.006909,6,0,1
988,2017,836,75,14,2,143030,1.032693,18,0,0
988,2017,838,75,12,2,137760,1.032079,13,0,0
988,2017,839,75,8,1,82333,1.020784,9,0,1
988,2017,840,75,18,2,174927,1.031904,15,0,0
988,2017,842,75,16,2,145509,1.031299,17,0,0
988,2017,843,75,15,2,143836,1.035658,20,0,0
989,2018,1,10,1,0,0,1.0,1,0,1
989,2018,4,10,10,1,13917,1.020008,10,0,1
989,2018,8,10,2,1,1945,1.001751,2,0,1
989,2018,20,10,3,1,3142,1.002817,3,0,1
989,2018,154,10,6,1,9155,1.014056,6,0,0
989,2018,807,10,8,1,12232,1.017341,7,0,1
989,2018,815,10,12,1,16832,1.022836,12,0,0
989,2018,817,10,7,1,11571,1.017537,8,0,1
989,2018,822,10,14,1,20105,1.028703,15,0,1
989,2018,825,10,4,1,7296,1.011686,5,0,0
989,2018,830,10,5,1,7878,1.013576,4,0,1
989,2018,832,10,9,1,12719,1.018446,9,0,1
989,2018,838,10,11,1,15071,1.020911,11,0,1
989,2018,839,10,13,1,18750,1.029066,14,0,0
989,2018,840,10,15,1,21519,1.03533,13,0,0
989,2018,842,10,16,1,22868,1.03297,20,0,0
989,2018,843,10,18,1,43435,1.018859,16,0,0
989,2018,844,10,17,1,24038,1.034867,18,0,0
989,2018,1,25,1,0,0,1.0,1,0,1
989,2018,4,25,10,1,29735,1.020585,10,0,1
989,2018,8,25,2,1,2865,1.005141,2,0,1
989,2018,20,25,3,1,5675,1.004366,3,0,1
989,2018,154,25,5,1,21088,1.017981,6,0,0
989,2018,807,25,7,1,24165,1.015961,7,0,1
989,2018,815,25,12,1,34337,1.020541,12,0,0
989,2018,817,25,6,1,21757,1.016466,8,0,1
989,2018,822,25,13,1,35051,1.022056,15,0,1
989,2018,825,25,4,1,19945,1.016006,5,0,0
989,2018,830,25,8,1,25640,1.015355,4,0,1
989,2018,832,25,9,1,28183,1.017734,9,0,1
989,2018,838,25,11,1,32486,1.020832,11,0,1
989,2018,839,25,14,1,39520,1.027657,14,0,0
989,2018,840,25,15,1,43839,1.030373,13,0,0
989,2018,843,25,17,1,64336,1.023975,16,0,0
989,2018,844,25,16,1,49968,1.031058,18,0,0
989,2018,1,50,2,1,1413,0.998416,1,0,1
989,2018,4,50,6,1,51710,1.016479,10,0,1
989,2018,8,50,3,1,9157,0.998663,2,0,1
989,2018,20,50,1,0,0,1.0,3,0,1
989,2018,807,50,7,1,59084,1.015097,7,0,1
989,2018,815,50,11,1,79527,1.021309,12,0,0
989,2018,817,50,4,1,37893,1.0113,8,0,1
989,2018,822,50,9,1,64039,1.022443,15,0,1
989,2018,830,50,5,1,50428,1.015939,4,0,1
989,2018,832,50,10,1,74231,1.017647,9,0,1
989,2018,838,50,8,1,62605,1.020017,11,0,1
989,2018,839,50,12,1,83629,1.027195,14,0,0
989,2018,840,50,13,1,92600,1.0267,13,0,0
989,2018,843,50,15,2,149625,1.024997,16,0,0
989,2018,844,50,14,1,123673,1.031834,18,0,0
989,2018,1,75,2,1,1005,0.997384,1,0,1
989,2018,4,75,5,1,18773,1.016709,10,0,1
989,2018,8,75,3,1,6238,1.000372,2,0,1
989,2018,20,75,1,0,0,1.0,3,0,1
989,2018,807,75,7,1,20501,1.015503,7,0,1
989,2018,815,75,11,1,28650,1.022149,12,0,0
989,2018,817,75,4,1,7291,1.012814,8,0,1
989,2018,822,75,8,1,21236,1.021512,15,0,1
989,2018,830,75,6,1,19488,1.016467,4,0,1
989,2018,832,75,10,1,27326,1.018237,9,0,1
989,2018,838,75,9,1,23959,1.020712,11,0,1
989,2018,839,75,12,1,32710,1.022775,14,0,0
989,2018,840,75,14,1,43711,1.028096,13,0,0
989,2018,843,75,15,1,75283,1.027488,16,0,0
989,2018,844,75,13,1,40690,1.025858,18,0,0
990,2018,1,10,6,1,13061,1.026717,9,0,1
990,2018,4,10,8,1,14301,1.027896,13,0,1
990,2018,8,10,3,1,4484,1.020709,2,0,0
990,2018,20,10,1,0,0,1.0,1,0,1
990,2018,154,10,13,1,18750,1.036419,16,0,0
990,2018,807,10,7,1,13860,1.02779,7,0,1
990,2018,815,10,16,1,21125,1.03969,12,0,0
990,2018,822,10,2,1,1941,1.005722,3,0,1
990,2018,825,10,5,1,12861,1.02556,6,0,1
990,2018,828,10,12,1,17961,1.038649,17,0,1
990,2018,832,10,11,1,17206,1.036857,10,0,0
990,2018,838,10,14,1,19522,1.040031,14,0,1
990,2018,839,10,9,1,15239,1.02639,8,0,1
990,2018,840,10,15,1,20637,1.037092,20,0,0
990,2018,842,10,4,1,11154,1.024966,5,0,1
990,2018,843,10,10,1,16510,1.038281,11,0,0
990,2018,844,10,18,1,33587,1.104937,19,0,0
990,2018,845,10,17,1,22338,1.042915,18,0,0
990,2018,1,25,4,1,14649,1.00297,9,0,1
990,2018,4,25,7,1,33868,1.021121,13,0,1
990,2018,8,25,3,1,6892,1.002001,2,0,0
990,2018,20,25,1,0,0,1.0,1,0,1
990,2018,154,25,12,1,39298,1.021017,16,0,0
990,2018,807,25,6,1,29262,1.017756,7,0,1
990,2018,815,25,17,1,57117,1.022153,12,0,0
990,2018,822,25,2,1,3214,1.001636,3,0,1
990,2018,825,25,15,1,49218,1.021799,6,0,1
990,2018,828,25,11,1,38320,1.023518,17,0,1
990,2018,832,25,10,1,37249,1.022518,10,0,0
990,2018,838,25,16,1,55665,1.021663,14,0,1
990,2018,839,25,8,1,34852,1.022622,8,0,1
990,2018,840,25,18,1,73742,1.041513,20,0,0
990,2018,842,25,5,1,23765,1.012327,5,0,1
990,2018,843,25,9,1,36354,1.022799,11,0,0
990,2018,844,25,14,1,48980,1.017735,19,0,0
990,2018,845,25,13,1,47828,1.034042,18,0,0
990,2018,1,50,4,1,24460,1.003747,9,0,1
990,2018,4,50,7,1,50042,1.017649,13,0,1
990,2018,8,50,3,1,7151,1.003423,2,0,0
990,2018,20,50,1,0,0,1.0,1,0,1
990,2018,154,50,9,1,64667,1.021792,16,0,0
990,2018,807,50,6,1,46370,1.017335,7,0,1
990,2018,815,50,12,1,69394,1.022042,12,0,0
990,2018,822,50,2,1,4991,1.002807,3,0,1
990,2018,825,50,11,1,67573,1.01721,6,0,1
990,2018,828,50,13,1,69626,1.024099,17,0,1
990,2018,832,50,16,1,88839,1.024025,10,0,0
990,2018,838,50,10,1,64834,1.017983,14,0,1
990,2018,839,50,8,1,63848,1.021917,8,0,1
990,2018,840,50,17,1,89234,1.02605,20,0,0
990,2018,842,50,5,1,36226,1.01266,5,0,1
990,2018,843,50,14,1,75042,1.022679,11,0,0
990,2018,844,50,15,1,77063,1.026332,19,0,0
990,2018,845,50,18,1,92271,1.033314,18,0,0
990,2018,1,75,3,1,17690,1.006956,9,0,1
990,2018,4,75,8,1,92354,1.016335,13,0,1
990,2018,20,75,1,0,0,1.0,1,0,1
990,2018,154,75,11,2,101219,1.024402,16,0,0
990,2018,807,75,6,1,89539,1.017175,7,0,1
990,2018,815,75,14,2,107963,1.023673,12,0,0
990,2018,822,75,2,1,7525,1.001867,3,0,1
990,2018,825,75,5,1,73294,1.014772,6,0,1
990,2018,828,75,7,1,91005,1.027928,17,0,1
990,2018,832,75,12,2,105523,1.027171,10,0,0
990,2018,838,75,9,2,97552,1.020872,14,0,1
990,2018,839,75,13,2,106434,1.024003,8,0,1
990,2018,840,75,16,2,134305,1.02845,20,0,0
990,2018,842,75,4,1,69505,1.011048,5,0,1
990,2018,843,75,10,2,99873,1.027029,11,0,0
990,2018,844,75,15,2,128515,1.030081,19,0,0
990,2018,845,75,17,2,148161,1.035032,18,0,0
991,2018,1,10,5,1,8071,1.010449,4,0,1
991,2018,4,10,11,1,19384,1.027967,13,0,1
991,2018,8,10,4,1,6582,1.009147,2,0,1
991,2018,20,10,1,0,0,1.0,1,0,1
991,2018,154,10,9,1,16973,1.02554,10,0,0
991,2018,807,10,7,1,13395,1.020199,7,0,1
991,2018,815,10,14,1,22088,1.030252,8,0,0
991,2018,817,10,6,1,10203,1.014204,6,0,1
991,2018,822,10,2,1,2519,1.003618,3,0,1
991,2018,825,10,10,1,17766,1.026629,11,0,1
991,2018,828,10,20,1,29504,1.042834,20,0,0
991,2018,830,10,3,1,4974,1.007307,5,0,1
991,2018,832,10,8,1,15505,1.023695,9,0,1
991,2018,838,10,15,1,24510,1.038522,14,0,0
991,2018,839,10,13,1,21309,1.029112,12,0,0
991,2018,840,10,12,1,20877,1.030222,18,0,0
991,2018,842,10,18,1,27368,1.037863,17,0,0
991,2018,843,10,19,1,28547,1.043503,15,0,0
991,2018,844,10,17,1,26564,1.037569,19,0,0
991,2018,845,10,16,1,26002,1.040144,16,0,0
991,2018,1,25,5,1,12779,1.007179,4,0,1
991,2018,4,25,10,1,36373,1.022029,13,0,1
991,2018,8,25,4,1,11203,1.005377,2,0,1
991,2018,20,25,1,0,0,1.0,1,0,1
991,2018,154,25,9,1,35476,1.024631,10,0,0
991,2018,807,25,7,1,31431,1.018105,7,0,1
991,2018,815,25,19,1,63306,1.029405,8,0,0
991,2018,817,25,6,1,14545,1.005686,6,0,1
991,2018,822,25,2,1,3231,1.001635,3,0,1
991,2018,825,25,8,1,32557,1.019791,11,0,1
991,2018,828,25,17,1,54628,1.033805,20,0,0
991,2018,830,25,3,1,8645,1.005174,5,0,1
991,2018,832,25,16,1,53376,1.021598,9,0,1
991,2018,838,25,12,1,43869,1.02577,14,0,0
991,2018,839,25,18,1,56553,1.023983,12,0,0
991,2018,840,25,11,1,41694,1.027866,18,0,0
991,2018,842,25,15,1,50395,1.029506,17,0,0
991,2018,843,25,20,1,72339,1.035319,15,0,0
991,2018,844,25,14,1,49731,1.030975,19,0,0
991,2018,845,25,13,1,46067,1.026722,16,0,0
991,2018,1,50,5,1,8599,1.004109,4,0,1
991,2018,4,50,7,1,37684,1.016599,13,0,1
991,2018,8,50,4,1,7237,1.004104,2,0,1
991,2018,20,50,2,1,685,0.998463,1,0,1
991,2018,154,50,12,1,57564,1.017974,10,0,0
991,2018,807,50,8,1,43052,1.013632,7,0,1
991,2018,815,50,13,1,58817,1.01623,8,0,0
991,2018,817,50,6,1,13250,1.00324,6,0,1
991,2018,822,50,1,0,0,1.0,3,0,1
991,2018,825,50,10,1,50930,1.01388,11,0,1
991,2018,828,50,17,1,73608,1.029832,20,0,0
991,2018,830,50,3,1,6695,1.002477,5,0,1
991,2018,832,50,9,1,49729,1.014916,9,0,1
991,2018,838,50,15,1,70342,1.021204,14,0,0
991,2018,839,50,11,1,56371,1.016508,12,0,0
991,2018,840,50,16,1,72716,1.023044,18,0,0
991,2018,842,50,19,1,78962,1.02824,17,0,0
991,2018,843,50,18,1,76079,1.017868,15,0,0
991,2018,844,50,20,1,83592,1.027603,19,0,0
991,2018,845,50,14,1,62127,1.024207,16,0,0
991,2018,1,75,4,1,3748,1.003891,4,0,1
991,2018,4,75,9,1,12997,1.017772,13,0,1
991,2018,8,75,6,1,5780,1.005071,2,0,1
991,2018,20,75,2,1,1185,0.999464,1,0,1
991,2018,154,75,11,1,18271,1.01883,10,0,0
991,2018,807,75,7,1,8807,1.012272,7,0,1
991,2018,815,75,13,1,19356,1.015596,8,0,0
991,2018,817,75,3,1,1866,1.00416,6,0,1
991,2018,822,75,1,0,0,1.0,3,0,1
991,2018,825,75,8,1,12678,1.014336,11,0,1
991,2018,828,75,18,1,32890,1.029027,20,0,0
991,2018,830,75,5,1,4311,1.003213,5,0,1
991,2018,832,75,10,1,13684,1.014291,9,0,1
991,2018,838,75,14,1,21833,1.021461,14,0,0
991,2018,839,75,12,1,18955,1.017271,12,0,0
991,2018,840,75,15,1,23216,1.023981,18,0,0
991,2018,842,75,16,1,24176,1.028505,17,0,0
991,2018,843,75,20,1,35380,1.018638,15,0,0
991,2018,844,75,19,1,34870,1.027944,19,0,0
991,2018,845,75,17,1,26269,1.026046,16,0,0
992,2018,1,10,2,1,444,0.99788,2,0,1
992,2018,4,10,17,1,4099,0.943541,12,0,1
992,2018,8,10,12,1,2692,0.971022,6,0,1
992,2018,20,10,1,0,0,1.0,1,0,1
992,2018,154,10,14,1,3530,0.967545,20,0,0
992,2018,807,10,7,1,2075,0.987004,14,0,0
992,2018,815,10,15,1,3946,0.987262,8,0,1
992,2018,817,10,4,1,1099,0.991507,4,0,0
992,2018,822,10,3,1,625,0.992983,3,0,0
992,2018,825,10,16,1,3979,0.926614,15,0,0
992,2018,828,10,18,1,4953,0.939097,18,0,0
992,2018,830,10,5,1,1142,0.989953,5,0,0
992,2018,832,10,6,1,1249,0.98762,9,0,1
992,2018,838,10,11,1,2464,0.973275,16,0,1
992,2018,840,10,8,1,2089,0.98875,10,0,1
992,2018,842,10,9,1,2175,0.98352,17,0,0
992,2018,843,10,13,1,3309,0.968772,19,0,1
992,2018,844,10,10,1,2403,0.974994,13,0,1
992,2018,1,25,2,1,3407,1.002509,2,0,1
992,2018,4,25,12,1,35323,1.045361,12,0,1
992,2018,8,25,9,1,25683,1.028662,6,0,1
992,2018,20,25,1,0,0,1.0,1,0,1
992,2018,154,25,10,1,29638,1.031783,20,0,0
992,2018,815,25,11,1,30002,1.031527,8,0,1
992,2018,817,25,6,1,23525,1.027896,4,0,0
992,2018,822,25,3,1,8197,1.014162,3,0,0
992,2018,825,25,17,1,43947,1.04704,15,0,0
992,2018,828,25,16,1,41373,1.048236,18,0,0
992,2018,830,25,5,1,23194,1.020933,5,0,0
992,2018,832,25,4,1,19516,1.021873,9,0,1
992,2018,838,25,13,1,36785,1.043053,16,0,1
992,2018,840,25,8,1,25308,1.02723,10,0,1
992,2018,842,25,14,1,41002,1.05716,17,0,0
992,2018,843,25,15,1,41089,1.046757,19,0,1
992,2018,844,25,7,1,24971,1.026874,13,0,1
992,2018,1,50,3,1,30366,1.003895,2,0,1
992,2018,4,50,10,1,69481,1.026465,12,0,1
992,2018,8,50,6,1,43763,1.014566,6,0,1
992,2018,20,50,1,0,0,1.0,1,0,1
992,2018,154,50,8,1,54474,1.022915,20,0,0
992,2018,815,50,7,1,53685,1.017519,8,0,1
992,2018,817,50,5,1,32996,1.01792,4,0,0
992,2018,822,50,2,1,11640,1.004995,3,0,0
992,2018,825,50,13,1,94074,1.042421,15,0,0
992,2018,828,50,17,2,132915,1.039584,18,0,0
992,2018,830,50,4,1,31838,1.017915,5,0,0
992,2018,832,50,9,1,65823,1.020257,9,0,1
992,2018,838,50,14,1,105499,1.03653,16,0,1
992,2018,840,50,12,1,74893,1.026651,10,0,1
992,2018,842,50,15,2,104264,1.047445,17,0,0
992,2018,843,50,16,2,113309,1.040638,19,0,1
992,2018,844,50,11,1,69670,1.022659,13,0,1
992,2018,1,75,3,1,20015,0.999804,2,0,1
992,2018,4,75,12,1,90759,1.021759,12,0,1
992,2018,8,75,6,1,50538,1.011127,6,0,1
992,2018,20,75,2,1,12343,0.998402,1,0,1
992,2018,154,75,8,1,65671,1.016621,20,0,0
992,2018,815,75,7,1,62025,1.013313,8,0,1
992,2018,817,75,5,1,46359,1.006185,4,0,0
992,2018,822,75,1,0,0,1.0,3,0,0
992,2018,825,75,13,2,117909,1.031126,15,0,0
992,2018,828,75,17,2,208882,1.037651,18,0,0
992,2018,830,75,4,1,30081,1.004288,5,0,0
992,2018,832,75,9,1,72653,1.012304,9,0,1
992,2018,838,75,16,2,155766,1.033176,16,0,1
992,2018,840,75,11,1,80930,1.018078,10,0,1
992,2018,842,75,14,2,135166,1.036203,17,0,0
992,2018,843,75,15,2,142617,1.037726,19,0,1
992,2018,844,75,10,1,79829,1.015247,13,0,1
993,2018,1,10,1,0,0,1.0,1,0,1
993,2018,4,10,11,1,5281,0.986208,8,0,1
993,2018,8,10,4,1,2215,0.998178,4,0,0
993,2018,20,10,2,1,854,1.003057,3,0,1
993,2018,815,10,13,1,6599,0.999172,15,0,1
993,2018,817,10,6,1,3343,0.982948,6,0,1
993,2018,822,10,3,1,1404,0.99866,2,0,1
993,2018,825,10,7,1,4083,0.981894,7,0,1
993,2018,828,10,15,1,9837,1.009998,17,0,0
993,2018,830,10,5,1,2585,0.991621,5,0,1
993,2018,832,10,8,1,4327,0.978453,9,0,1
993,2018,838,10,14,1,7279,1.005473,11,0,0
993,2018,839,10,10,1,5119,0.984288,13,0,0
993,2018,840,10,12,1,6115,0.994,18,0,0
993,2018,843,10,16,1,10251,1.007401,20,0,0
993,2018,844,10,9,1,4747,0.977602,14,0,1
993,2018,845,10,17,1,10465,1.006068,19,0,0
993,2018,1,25,1,0,0,1.0,1,0,1
993,2018,4,25,10,1,36678,1.038039,8,0,1
993,2018,8,25,4,1,12360,1.01182,4,0,0
993,2018,20,25,2,1,7394,1.008874,3,0,1
993,2018,815,25,13,1,43073,1.046816,15,0,1
993,2018,817,25,6,1,15689,1.011441,6,0,1
993,2018,822,25,3,1,9003,1.009693,2,0,1
993,2018,825,25,7,1,26316,1.023579,7,0,1
993,2018,828,25,15,1,45989,1.044689,17,0,0
993,2018,830,25,5,1,13753,1.01534,5,0,1
993,2018,832,25,8,1,29758,1.032319,9,0,1
993,2018,838,25,14,1,43580,1.045129,11,0,0
993,2018,839,25,11,1,38263,1.04112,13,0,0
993,2018,840,25,12,1,40874,1.04277,18,0,0
993,2018,843,25,17,1,50525,1.049872,20,0,0
993,2018,844,25,9,1,33756,1.036951,14,0,1
993,2018,845,25,16,1,48532,1.048466,19,0,0
993,2018,1,50,2,1,1180,0.992206,1,0,1
993,2018,4,50,11,1,75206,1.027249,8,0,1
993,2018,20,50,4,1,12922,0.999878,3,0,1
993,2018,815,50,14,2,84265,1.030872,15,0,1
993,2018,817,50,3,1,8282,1.001544,6,0,1
993,2018,822,50,5,1,14805,0.999757,2,0,1
993,2018,825,50,6,1,39354,1.014907,7,0,1
993,2018,828,50,8,1,70570,1.030362,17,0,0
993,2018,830,50,1,0,0,1.0,5,0,1
993,2018,832,50,9,1,71397,1.019881,9,0,1
993,2018,838,50,7,1,67081,1.02855,11,0,0
993,2018,839,50,16,2,101377,1.026866,13,0,0
993,2018,840,50,13,1,80546,1.029827,18,0,0
993,2018,843,50,12,1,77350,1.030605,20,0,0
993,2018,844,50,10,1,73229,1.023528,14,0,1
993,2018,845,50,15,2,100106,1.035262,19,0,0
993,2018,1,75,1,0,0,1.0,1,0,1
993,2018,4,75,8,2,106532,1.032312,8,0,1
993,2018,20,75,4,1,29019,1.000743,3,0,1
993,2018,815,75,10,2,117331,1.036404,15,0,1
993,2018,817,75,5,1,47128,1.011341,6,0,1
993,2018,822,75,2,1,16634,1.000928,2,0,1
993,2018,825,75,6,1,75035,1.021053,7,0,1
993,2018,828,75,12,2,130551,1.035888,17,0,0
993,2018,830,75,3,1,27056,1.006475,5,0,1
993,2018,832,75,7,2,99118,1.029511,9,0,1
993,2018,840,75,11,2,126451,1.038775,18,0,0
993,2018,843,75,13,2,135303,1.036096,20,0,0
993,2018,844,75,9,2,113103,1.031514,14,0,1
993,2018,845,75,14,3,182032,1.044143,19,0,0
994,2018,1,10,3,1,3783,1.002787,3,0,1
994,2018,4,10,7,1,17169,1.021069,7,0,0
994,2018,8,10,4,1,4586,1.001674,4,0,1
994,2018,20,10,2,1,1770,0.999807,2,0,1
994,2018,154,10,19,1,31361,1.031472,18,0,0
994,2018,807,10,11,1,23362,1.026946,11,0,1
994,2018,815,10,9,1,21352,1.025086,9,0,0
994,2018,817,10,1,0,0,1.0,1,0,1
994,2018,822,10,5,1,6563,1.004796,5,0,1
994,2018,825,10,18,1,30541,1.031433,19,0,0
994,2018,828,10,17,1,29554,1.035791,16,0,0
994,2018,830,10,14,1,28108,1.027622,20,0,1
994,2018,832,10,8,1,19832,1.025189,8,0,1
994,2018,838,10,12,1,26043,1.031317,12,0,0
994,2018,839,10,6,1,11438,1.01283,6,0,1
994,2018,840,10,16,1,29002,1.033834,17,0,0
994,2018,842,10,10,1,22271,1.02564,10,0,1
994,2018,843,10,15,1,28346,1.03283,15,0,0
994,2018,844,10,13,1,27001,1.032386,14,0,0
994,2018,845,10,20,1,49640,1.029554,13,0,0
994,2018,1,25,3,1,8858,1.004903,3,0,1
994,2018,4,25,10,1,43389,1.026676,7,0,0
994,2018,8,25,4,1,13131,1.006739,4,0,1
994,2018,20,25,2,1,3095,1.002601,2,0,1
994,2018,154,25,18,1,74085,1.042144,18,0,0
994,2018,807,25,9,1,38214,1.032306,11,0,1
994,2018,815,25,7,1,33936,1.031041,9,0,0
994,2018,817,25,1,0,0,1.0,1,0,1
994,2018,822,25,6,1,27040,1.012881,5,0,1
994,2018,825,25,17,1,64528,1.036709,19,0,0
994,2018,828,25,16,1,61067,1.036995,16,0,0
994,2018,830,25,12,1,45906,1.034621,20,0,1
994,2018,832,25,13,1,49627,1.030762,8,0,1
994,2018,838,25,11,1,45367,1.039083,12,0,0
994,2018,839,25,5,1,19428,1.021604,6,0,1
994,2018,840,25,20,2,133553,1.044658,17,0,0
994,2018,842,25,8,1,36572,1.031475,10,0,1
994,2018,843,25,14,1,53099,1.033817,15,0,0
994,2018,844,25,15,1,53946,1.031553,14,0,0
994,2018,845,25,19,2,70715,1.038301,13,0,0
994,2018,1,50,3,1,5350,1.000933,3,0,1
994,2018,4,50,8,1,43607,1.010296,7,0,0
994,2018,8,50,4,1,9574,1.001699,4,0,1
994,2018,20,50,2,1,1545,1.000089,2,0,1
994,2018,154,50,18,1,67504,1.019072,18,0,0
994,2018,807,50,6,1,39757,1.015866,11,0,1
994,2018,815,50,15,1,61285,1.015508,9,0,0
994,2018,817,50,1,0,0,1.0,1,0,1
994,2018,822,50,5,1,10155,0.997637,5,0,1
994,2018,825,50,16,1,63006,1.017118,19,0,0
994,2018,828,50,14,1,60851,1.020005,16,0,0
994,2018,830,50,9,1,45028,1.012378,20,0,1
994,2018,832,50,11,1,52096,1.013119,8,0,1
994,2018,838,50,17,1,63248,1.01699,12,0,0
994,2018,839,50,7,1,41276,1.007562,6,0,1
994,2018,840,50,20,3,190204,1.021271,17,0,0
994,2018,842,50,10,1,48464,1.01151,10,0,1
994,2018,843,50,12,1,58820,1.01699,15,0,0
994,2018,844,50,13,1,59600,1.016019,14,0,0
994,2018,845,50,19,2,95642,1.01853,13,0,0
994,2018,1,75,3,1,4045,0.99746,3,0,1
994,2018,8,75,4,1,6605,0.998319,4,0,1
994,2018,20,75,2,1,1232,0.994831,2,0,1
994,2018,154,75,17,1,67957,1.006888,18,0,0
994,2018,807,75,8,1,30194,1.000935,11,0,1
994,2018,815,75,14,1,58634,1.002566,9,0,0
994,2018,817,75,1,0,0,1.0,1,0,1
994,2018,822,75,5,1,7702,0.998155,5,0,1
994,2018,825,75,15,1,61228,1.004626,19,0,0
994,2018,828,75,13,1,57023,1.007027,16,0,0
994,2018,830,75,9,1,41484,1.000354,20,0,1
994,2018,832,75,10,1,46665,1.001795,8,0,1
994,2018,838,75,16,1,62770,1.004423,12,0,0
994,2018,839,75,6,1,23813,0.996171,6,0,1
994,2018,840,75,19,3,174616,1.006228,17,0,0
994,2018,842,75,7,1,27385,0.99861,10,0,1
994,2018,843,75,11,1,54311,1.005561,15,0,0
994,2018,844,75,12,1,55216,1.003943,14,0,0
994,2018,845,75,18,2,126792,1.009205,13,0,0
995,2018,1,10,4,1,3638,0.996723,4,0,1
995,2018,4,10,11,1,10908,0.922486,14,0,0
995,2018,8,10,6,1,5476,0.986427,5,0,1
995,2018,20,10,1,0,0,1.0,1,0,1
995,2018,154,10,16,1,16970,0.908673,20,0,0
995,2018,807,10,8,1,8002,0.959889,7,0,1
995,2018,815,10,14,1,13504,0.949849,10,0,0
995,2018,817,10,5,1,4509,0.992685,6,0,1
995,2018,822,10,2,1,1731,0.999583,2,0,1
995,2018,825,10,12,1,11751,0.939834,11,0,0
995,2018,828,10,17,1,17637,0.879779,19,0,0
995,2018,830,10,3,1,2362,1.003886,3,0,1
995,2018,832,10,9,1,8768,0.953824,9,0,1
995,2018,838,10,18,1,18376,0.852921,15,0,0
995,2018,839,10,7,1,7547,0.9769,8,0,1
995,2018,842,10,13,1,12367,0.915724,16,0,0
995,2018,844,10,10,1,10117,0.944096,13,0,1
995,2018,845,10,15,1,16485,0.937462,18,0,0
995,2018,1,25,6,1,28076,1.011066,4,0,1
995,2018,4,25,8,1,31667,1.028305,14,0,0
995,2018,8,25,4,1,14260,1.010763,5,0,1
995,2018,20,25,1,0,0,1.0,1,0,1
995,2018,154,25,11,1,36526,1.02423,20,0,0
995,2018,807,25,12,1,38235,1.022212,7,0,1
995,2018,815,25,17,1,48900,1.028134,10,0,0
995,2018,817,25,3,1,12453,1.011633,6,0,1
995,2018,822,25,2,1,4460,1.004062,2,0,1
995,2018,825,25,10,1,35218,1.031827,11,0,0
995,2018,828,25,16,1,48214,1.042076,19,0,0
995,2018,830,25,5,1,25714,1.009879,3,0,1
995,2018,832,25,13,1,39513,1.019244,9,0,1
995,2018,838,25,18,1,49639,1.04044,15,0,0
995,2018,839,25,14,1,41645,1.025971,8,0,1
995,2018,842,25,9,1,33009,1.029123,16,0,0
995,2018,844,25,7,1,30075,1.027804,13,0,1
995,2018,845,25,15,1,47873,1.043263,18,0,0
995,2018,1,50,5,1,36462,1.009284,4,0,1
995,2018,4,50,11,1,70993,1.02338,14,0,0
995,2018,8,50,6,1,37842,1.00894,5,0,1
995,2018,20,50,1,0,0,1.0,1,0,1
995,2018,154,50,9,1,65484,1.024167,20,0,0
995,2018,807,50,7,1,61580,1.018304,7,0,1
995,2018,815,50,14,2,77364,1.026671,10,0,0
995,2018,817,50,4,1,34313,1.008173,6,0,1
995,2018,822,50,2,1,5140,1.001469,2,0,1
995,2018,825,50,15,2,79749,1.027809,11,0,0
995,2018,828,50,17,2,94700,1.040013,19,0,0
995,2018,830,50,3,1,29784,1.005843,3,0,1
995,2018,832,50,8,1,63042,1.019158,9,0,1
995,2018,838,50,16,2,90413,1.040477,15,0,0
995,2018,839,50,10,1,66164,1.020309,8,0,1
995,2018,842,50,13,2,73798,1.023905,16,0,0
995,2018,844,50,12,1,74308,1.023843,13,0,1
995,2018,845,50,18,2,116613,1.041641,18,0,0
995,2018,1,75,5,1,20102,1.005025,4,0,1
995,2018,8,75,6,1,25090,1.003964,5,0,1
995,2018,20,75,1,0,0,1.0,1,0,1
995,2018,154,75,12,2,92597,1.023621,20,0,0
995,2018,807,75,7,1,68976,1.017965,7,0,1
995,2018,815,75,14,2,103168,1.0203,10,0,0
995,2018,817,75,4,1,18877,1.004495,6,0,1
995,2018,822,75,2,1,5513,1.001525,2,0,1
995,2018,825,75,13,2,99481,1.026093,11,0,0
995,2018,828,75,15,2,120316,1.038235,19,0,0
995,2018,830,75,3,1,11475,1.001869,3,0,1
995,2018,832,75,8,1,71006,1.018336,9,0,1
995,2018,838,75,16,2,131949,1.038811,15,0,0
995,2018,839,75,9,1,73383,1.019503,8,0,1
995,2018,842,75,11,2,87211,1.021825,16,0,0
995,2018,844,75,10,2,83207,1.021202,13,0,1
995,2018,845,75,17,2,133497,1.036704,18,0,0
996,2018,1,10,1,0,0,1.0,1,0,1
996,2018,4,10,16,1,8106,0.948485,16,0,0
996,2018,8,10,7,1,3039,0.997352,6,0,1
996,2018,20,10,17,1,8524,0.933336,3,0,1
996,2018,154,10,8,1,3855,0.998019,10,0,0
996,2018,807,10,10,1,4861,0.9969,12,0,1
996,2018,815,10,9,1,4335,0.995368,13,0,0
996,2018,817,10,4,1,1797,0.998301,5,0,1
996,2018,822,10,18,1,8928,0.853673,2,0,1
996,2018,825,10,5,1,2382,0.999055,9,0,1
996,2018,828,10,11,1,5471,0.998569,15,0,0
996,2018,830,10,2,1,873,0.998659,4,0,1
996,2018,832,10,3,1,1261,0.998478,7,0,1
996,2018,838,10,12,1,5841,1.000855,17,0,0
996,2018,840,10,14,1,7515,0.972508,19,0,0
996,2018,843,10,13,1,6670,1.004977,20,0,0
996,2018,844,10,6,1,2612,0.998415,8,0,1
996,2018,845,10,15,1,7709,0.949102,18,0,0
996,2018,1,25,1,0,0,1.0,1,0,1
996,2018,4,25,17,1,40140,1.037716,16,0,0
996,2018,8,25,4,1,11135,1.013649,6,0,1
996,2018,20,25,9,1,25732,1.029437,3,0,1
996,2018,154,25,8,1,25037,1.029832,10,0,0
996,2018,807,25,11,1,27954,1.035074,12,0,1
996,2018,815,25,10,1,27245,1.032386,13,0,0
996,2018,817,25,3,1,7810,1.013634,5,0,1
996,2018,822,25,12,1,28903,1.034751,2,0,1
996,2018,825,25,6,1,19873,1.025164,9,0,1
996,2018,828,25,15,1,37859,1.052529,15,0,0
996,2018,830,25,2,1,3327,1.002693,4,0,1
996,2018,832,25,5,1,17553,1.02419,7,0,1
996,2018,838,25,13,1,32627,1.037669,17,0,0
996,2018,840,25,16,1,39494,1.045645,19,0,0
996,2018,843,25,14,1,35002,1.043599,20,0,0
996,2018,844,25,7,1,21607,1.02599,8,0,1
996,2018,845,25,18,1,42008,1.047251,18,0,0
996,2018,1,50,1,0,0,1.0,1,0,1
996,2018,4,50,16,1,72902,1.027881,16,0,0
996,2018,8,50,3,1,15558,1.004413,6,0,1
996,2018,20,50,5,1,33428,1.006795,3,0,1
996,2018,154,50,10,1,58618,1.027179,10,0,0
996,2018,807,50,7,1,49513,1.016796,12,0,1
996,2018,815,50,11,1,60098,1.02587,13,0,0
996,2018,817,50,2,1,10566,1.000887,5,0,1
996,2018,822,50,9,1,52889,1.017322,2,0,1
996,2018,825,50,6,1,47803,1.01989,9,0,1
996,2018,828,50,15,1,71546,1.030427,15,0,0
996,2018,830,50,4,1,31713,1.004846,4,0,1
996,2018,832,50,14,1,69022,1.020024,7,0,1
996,2018,838,50,12,1,64244,1.024633,17,0,0
996,2018,840,50,17,1,77561,1.03382,19,0,0
996,2018,843,50,13,1,68813,1.027417,20,0,0
996,2018,844,50,8,1,52070,1.023787,8,0,1
996,2018,845,50,18,1,78953,1.029592,18,0,0
996,2018,1,75,1,0,0,1.0,1,0,1
996,2018,4,75,12,1,86126,1.024783,16,0,0
996,2018,8,75,4,1,21806,1.002914,6,0,1
996,2018,20,75,5,1,23514,1.008121,3,0,1
996,2018,154,75,13,1,86509,1.024648,10,0,0
996,2018,807,75,10,1,77020,1.018116,12,0,1
996,2018,817,75,3,1,13145,1.002795,5,0,1
996,2018,822,75,9,1,72097,1.01866,2,0,1
996,2018,825,75,7,1,67222,1.021724,9,0,1
996,2018,828,75,17,2,102523,1.028064,15,0,0
996,2018,830,75,2,1,5063,1.003696,4,0,1
996,2018,832,75,6,1,64310,1.022614,7,0,1
996,2018,838,75,8,1,71115,1.025306,17,0,0
996,2018,840,75,14,1,93456,1.029674,19,0,0
996,2018,843,75,16,2,99884,1.028654,20,0,0
996,2018,844,75,11,1,79642,1.022133,8,0,1
996,2018,845,75,15,1,94189,1.030062,18,0,0
997,2018,1,10,1,0,0,1.0,2,0,0
997,2018,4,10,19,1,26383,1.043007,13,0,1
997,2018,8,10,4,1,6917,1.009094,3,0,1
997,2018,20,10,6,1,9548,1.01045,6,0,1
997,2018,154,10,7,1,12293,1.015459,5,0,1
997,2018,807,10,9,1,15449,1.021117,10,0,0
997,2018,815,10,12,1,18035,1.026956,16,0,1
997,2018,817,10,5,1,7727,1.00926,7,0,0
997,2018,822,10,2,1,2459,1.006048,1,0,0
997,2018,825,10,8,1,14322,1.021031,8,0,1
997,2018,828,10,16,1,23963,1.031128,20,0,1
997,2018,830,10,3,1,4630,1.006315,4,0,1
997,2018,832,10,11,1,17034,1.024062,9,0,0
997,2018,838,10,20,2,77627,1.057411,15,0,0
997,2018,839,10,10,1,16380,1.023701,11,0,1
997,2018,840,10,13,1,19848,1.030983,14,0,0
997,2018,842,10,15,1,22807,1.037717,12,0,0
997,2018,843,10,17,1,24929,1.035176,19,0,0
997,2018,844,10,18,1,25893,1.030326,18,0,1
997,2018,845,10,14,1,22167,1.031741,17,0,0
997,2018,1,25,1,0,0,1.0,2,0,0
997,2018,4,25,17,1,57257,1.034175,13,0,1
997,2018,8,25,3,1,16503,1.007812,3,0,1
997,2018,20,25,5,1,22967,1.006167,6,0,1
997,2018,154,25,8,1,31250,1.013315,5,0,1
997,2018,815,25,7,1,27772,1.01915,16,0,1
997,2018,817,25,4,1,17500,1.006044,7,0,0
997,2018,825,25,6,1,25759,1.018754,8,0,1
997,2018,828,25,12,1,42468,1.03266,20,0,1
997,2018,830,25,2,1,13115,1.002763,4,0,1
997,2018,832,25,10,1,38771,1.019345,9,0,0
997,2018,838,25,18,2,98386,1.04384,15,0,0
997,2018,839,25,9,1,36968,1.020766,11,0,1
997,2018,840,25,14,1,45679,1.024459,14,0,0
997,2018,842,25,15,1,50246,1.030028,12,0,0
997,2018,843,25,13,1,43658,1.034579,19,0,0
997,2018,844,25,16,1,52246,1.029249,18,0,1
997,2018,845,25,11,1,41398,1.031788,17,0,0
997,2018,1,50,4,1,8099,1.003447,2,0,0
997,2018,4,50,16,2,69915,1.022825,13,0,1
997,2018,8,50,3,1,6973,1.001622,3,0,1
997,2018,20,50,5,1,9314,1.000989,6,0,1
997,2018,154,50,6,1,38320,1.015947,5,0,1
997,2018,815,50,9,1,55301,1.020201,16,0,1
997,2018,817,50,2,1,5883,1.000756,7,0,0
997,2018,825,50,8,1,49574,1.017568,8,0,1
997,2018,828,50,10,1,58557,1.028643,20,0,1
997,2018,830,50,1,0,0,1.0,4,0,1
997,2018,832,50,14,2,60232,1.02675,9,0,0
997,2018,838,50,18,2,130648,1.03165,15,0,0
997,2018,839,50,7,1,47672,1.018935,11,0,1
997,2018,840,50,15,2,69386,1.030152,14,0,0
997,2018,842,50,11,1,60975,1.018281,12,0,0
997,2018,843,50,12,1,63249,1.029879,19,0,0
997,2018,844,50,13,1,65090,1.024593,18,0,1
997,2018,845,50,17,2,81281,1.033045,17,0,0
997,2018,1,75,4,1,30284,1.00295,2,0,0
997,2018,4,75,12,2,91713,1.019685,13,0,1
997,2018,8,75,2,1,5985,1.000779,3,0,1
997,2018,20,75,3,1,7506,0.998762,6,0,1
997,2018,154,75,5,1,56187,1.015312,5,0,1
997,2018,815,75,8,2,73774,1.015433,16,0,1
997,2018,825,75,6,2,66319,1.014312,8,0,1
997,2018,828,75,13,2,92587,1.024766,20,0,1
997,2018,830,75,1,0,0,1.0,4,0,1
997,2018,832,75,14,2,102044,1.020864,9,0,0
997,2018,838,75,17,3,180234,1.027357,15,0,0
997,2018,839,75,7,2,69274,1.017763,11,0,1
997,2018,840,75,15,2,106187,1.029804,14,0,0
997,2018,842,75,9,2,85456,1.018156,12,0,0
997,2018,843,75,10,2,86486,1.025436,19,0,0
997,2018,844,75,11,2,89016,1.017472,18,0,1
997,2018,845,75,16,2,109558,1.025407,17,0,0
998,2018,1,10,11,1,24368,1.02555,1,0,1
998,2018,4,10,12,1,25108,1.0396,13,0,1
998,2018,8,10,4,1,9748,1.012942,3,0,1
998,2018,20,10,1,0,0,1.0,2,0,1
998,2018,154,10,14,1,26585,1.037228,8,0,0
998,2018,807,10,6,1,15929,1.024109,11,0,1
998,2018,815,10,18,1,32651,1.026927,12,0,1
998,2018,817,10,5,1,10782,1.012468,6,0,1
998,2018,822,10,2,1,5188,1.007315,4,0,1
998,2018,825,10,10,1,23694,1.036362,7,0,1
998,2018,828,10,15,1,27794,1.039584,15,0,0
998,2018,830,10,3,1,8778,1.011931,5,0,0
998,2018,832,10,9,1,20498,1.029504,16,0,0
998,2018,838,10,16,1,29332,1.039562,17,0,0
998,2018,839,10,8,1,19496,1.027912,10,0,1
998,2018,840,10,19,1,34108,1.051197,19,0,0
998,2018,842,10,13,1,25798,1.038594,14,0,0
998,2018,844,10,7,1,17888,1.027062,9,0,0
998,2018,845,10,17,1,31363,1.044323,18,0,0
998,2018,1,25,6,1,26524,1.008885,1,0,1
998,2018,4,25,12,1,42351,1.028445,13,0,1
998,2018,8,25,4,1,13792,1.008381,3,0,1
998,2018,20,25,1,0,0,1.0,2,0,1
998,2018,154,25,14,1,45809,1.030953,8,0,0
998,2018,807,25,7,1,31663,1.022711,11,0,1
998,2018,815,25,17,1,49594,1.026827,12,0,1
998,2018,817,25,5,1,14928,1.007738,6,0,1
998,2018,822,25,2,1,5831,1.003258,4,0,1
998,2018,825,25,11,1,41178,1.027095,7,0,1
998,2018,828,25,15,1,47118,1.032036,15,0,0
998,2018,830,25,3,1,11337,1.005605,5,0,0
998,2018,832,25,10,1,37507,1.024833,16,0,0
998,2018,838,25,16,1,48346,1.031296,17,0,0
998,2018,839,25,9,1,35273,1.02553,10,0,1
998,2018,840,25,19,1,57836,1.038745,19,0,0
998,2018,842,25,13,1,43826,1.030085,14,0,0
998,2018,844,25,8,1,33163,1.022454,9,0,0
998,2018,845,25,18,1,55979,1.037009,18,0,0
998,2018,1,50,3,1,8497,1.004274,1,0,1
998,2018,4,50,11,1,58050,1.023972,13,0,1
998,2018,8,50,6,1,16905,1.004226,3,0,1
998,2018,20,50,1,0,0,1.0,2,0,1
998,2018,154,50,8,1,48730,1.027421,8,0,0
998,2018,807,50,9,1,55278,1.02228,11,0,1
998,2018,815,50,14,1,66701,1.021851,12,0,1
998,2018,817,50,5,1,15772,1.006754,6,0,1
998,2018,822,50,2,1,3602,1.003342,4,0,1
998,2018,825,50,7,1,39711,1.024754,7,0,1
998,2018,828,50,15,1,68988,1.028059,15,0,0
998,2018,830,50,4,1,13251,1.004986,5,0,0
998,2018,832,50,12,1,60507,1.023672,16,0,0
998,2018,838,50,16,1,73428,1.02958,17,0,0
998,2018,839,50,10,1,56226,1.022505,10,0,1
998,2018,840,50,17,1,80238,1.038074,19,0,0
998,2018,842,50,13,1,65305,1.025675,14,0,0
998,2018,845,50,18,2,90808,1.036376,18,0,0
998,2018,1,75,3,1,2893,1.001335,1,0,1
998,2018,4,75,10,1,17034,1.022037,13,0,1
998,2018,8,75,5,1,5907,1.001271,3,0,1
998,2018,20,75,2,1,771,0.997255,2,0,1
998,2018,807,75,7,1,12085,1.019772,11,0,1
998,2018,815,75,12,1,19288,1.020253,12,0,1
998,2018,817,75,6,1,8071,1.004102,6,0,1
998,2018,822,75,1,0,0,1.0,4,0,1
998,2018,825,75,9,1,15163,1.022325,7,0,1
998,2018,830,75,4,1,4593,1.0022,5,0,0
998,2018,838,75,13,1,20919,1.027474,17,0,0
998,2018,839,75,8,1,13650,1.020509,10,0,1
998,2018,840,75,15,1,45206,1.035304,19,0,0
998,2018,842,75,11,1,17762,1.023415,14,0,0
998,2018,845,75,14,1,44036,1.036062,18,0,0
999,2018,1,10,9,1,19356,1.026045,14,0,1
999,2018,4,10,12,1,22089,1.032037,11,0,0
999,2018,8,10,3,1,4327,1.004734,3,0,1
999,2018,20,10,1,0,0,1.0,1,0,0
999,2018,154,10,7,1,17995,1.031216,6,0,1
999,2018,807,10,6,1,16940,1.030536,7,0,1
999,2018,815,10,8,1,18903,1.030459,10,0,1
999,2018,817,10,15,1,25385,1.030459,20,0,0
999,2018,822,10,2,1,2777,1.00399,2,0,1
999,2018,825,10,5,1,14609,1.025853,5,0,0
999,2018,828,10,14,1,24445,1.031126,13,0,1
999,2018,830,10,4,1,6245,1.009404,4,0,1
999,2018,832,10,10,1,20555,1.035244,8,0,0
999,2018,838,10,19,1,30931,1.044944,19,0,0
999,2018,839,10,13,1,23508,1.03604,15,0,1
999,2018,840,10,17,1,29306,1.047625,18,0,0
999,2018,842,10,20,1,31618,1.044353,16,0,0
999,2018,843,10,18,1,30218,1.047779,17,0,1
999,2018,844,10,11,1,21410,1.033294,9,0,0
999,2018,845,10,16,1,27264,1.04529,12,0,0
999,2018,1,25,5,1,25773,1.011702,14,0,1
999,2018,4,25,12,1,43446,1.027815,11,0,0
999,2018,8,25,4,1,22844,1.0032,3,0,1
999,2018,20,25,1,0,0,1.0,1,0,0
999,2018,154,25,9,1,39455,1.025265,6,0,1
999,2018,807,25,7,1,34281,1.022079,7,0,1
999,2018,815,25,8,1,36251,1.022818,10,0,1
999,2018,817,25,13,1,44217,1.023825,20,0,0
999,2018,822,25,2,1,3525,0.999503,2,0,1
999,2018,825,25,6,1,31052,1.019249,5,0,0
999,2018,828,25,15,1,46935,1.028274,13,0,1
999,2018,830,25,3,1,9045,1.002996,4,0,1
999,2018,832,25,10,1,40957,1.026171,8,0,0
999,2018,838,25,19,1,56722,1.033781,19,0,0
999,2018,839,25,14,1,46124,1.02937,15,0,1
999,2018,840,25,17,1,53141,1.032379,18,0,0
999,2018,842,25,20,1,57531,1.03466,16,0,0
999,2018,843,25,18,1,53957,1.033322,17,0,1
999,2018,844,25,11,1,42454,1.026897,9,0,0
999,2018,845,25,16,1,50960,1.029944,12,0,0
999,2018,1,50,3,1,3817,0.999182,14,0,1
999,2018,4,50,15,2,78957,1.029037,11,0,0
999,2018,8,50,1,0,0,1.0,3,0,1
999,2018,20,50,2,1,1390,1.002838,1,0,0
999,2018,154,50,8,1,61687,1.023745,6,0,1
999,2018,807,50,7,1,58808,1.022773,7,0,1
999,2018,815,50,9,1,62968,1.022805,10,0,1
999,2018,822,50,4,1,9666,1.00418,2,0,1
999,2018,825,50,6,1,56117,1.021482,5,0,0
999,2018,828,50,11,1,68089,1.030022,13,0,1
999,2018,830,50,5,1,16591,1.007127,4,0,1
999,2018,832,50,10,1,66881,1.026519,8,0,0
999,2018,838,50,19,2,97527,1.036261,19,0,0
999,2018,839,50,14,1,78391,1.030712,15,0,1
999,2018,840,50,17,2,93611,1.035494,18,0,0
999,2018,842,50,13,1,76012,1.034349,16,0,0
999,2018,843,50,16,2,91750,1.035251,17,0,1
999,2018,844,50,12,1,68727,1.026883,9,0,0
999,2018,845,50,18,2,96965,1.034126,12,0,0
999,2018,1,75,4,1,12176,0.998188,14,0,1
999,2018,4,75,18,3,179932,1.026923,11,0,0
999,2018,8,75,2,1,5276,0.999158,3,0,1
999,2018,20,75,1,0,0,1.0,1,0,0
999,2018,154,75,8,2,84839,1.020523,6,0,1
999,2018,807,75,6,2,82076,1.020753,7,0,1
999,2018,815,75,9,2,85864,1.019719,10,0,1
999,2018,822,75,3,1,6411,1.001799,2,0,1
999,2018,825,75,7,2,83405,1.019477,5,0,0
999,2018,828,75,12,2,110729,1.027024,13,0,1
999,2018,830,75,5,1,67052,1.004874,4,0,1
999,2018,832,75,10,2,99071,1.023005,8,0,0
999,2018,838,75,16,2,167718,1.034003,19,0,0
999,2018,839,75,11,2,107100,1.027732,15,0,1
999,2018,840,75,13,2,128522,1.030897,18,0,0
999,2018,842,75,19,3,203341,1.033545,16,0,0
999,2018,843,75,14,2,129214,1.031177,17,0,1
999,2018,844,75,17,3,158921,1.024409,9,0,0
999,2018,845,75,15,2,131346,1.030335,12,0,0
1000,2018,1,10,1,0,0,1.0,1,0,1
1000,2018,4,10,10,1,33752,1.044732,11,0,1
1000,2018,8,10,4,1,10305,1.010471,3,0,1
1000,2018,20,10,3,1,7056,1.010302,4,0,1
1000,2018,154,10,11,1,34495,1.044756,10,0,1
1000,2018,807,10,9,1,29790,1.041931,13,0,0
1000,2018,815,10,15,1,39310,1.055576,19,0,0
1000,2018,817,10,12,1,35625,1.042172,12,0,1
1000,2018,822,10,2,1,4944,1.008235,2,0,1
1000,2018,825,10,6,1,21675,1.032819,9,0,1
1000,2018,828,10,18,1,43784,1.058713,14,0,0
1000,2018,832,10,7,1,25842,1.037892,5,0,1
1000,2018,838,10,13,1,36495,1.045477,16,0,0
1000,2018,839,10,14,1,38059,1.049433,18,0,0
1000,2018,840,10,17,1,43732,1.057283,15,0,0
1000,2018,842,10,5,1,17698,1.02337,6,0,1
1000,2018,843,10,8,1,27556,1.037844,8,0,0
1000,2018,845,10,16,1,40392,1.057198,20,0,0
1000,2018,1,25,1,0,0,1.0,1,0,1
1000,2018,4,25,12,1,51288,1.033065,11,0,1
1000,2018,8,25,5,1,31953,1.010232,3,0,1
1000,2018,20,25,2,1,8782,1.005714,4,0,1
1000,2018,154,25,11,1,47240,1.023753,10,0,1
1000,2018,807,25,10,1,46427,1.026863,13,0,0
1000,2018,815,25,15,1,58442,1.034821,19,0,0
1000,2018,817,25,7,1,37134,1.017395,12,0,1
1000,2018,822,25,4,1,25981,1.007597,2,0,1
1000,2018,825,25,6,1,35086,1.02258,9,0,1
1000,2018,828,25,18,1,72548,1.024427,14,0,0
1000,2018,832,25,8,1,42783,1.026623,5,0,1
1000,2018,838,25,13,1,53583,1.033365,16,0,0
1000,2018,839,25,14,1,57010,1.034057,18,0,0
1000,2018,840,25,17,1,66868,1.041546,15,0,0
1000,2018,842,25,3,1,25150,1.011886,6,0,1
1000,2018,843,25,9,1,44888,1.026598,8,0,0
1000,2018,845,25,16,1,64320,1.04012,20,0,0
1000,2018,1,50,2,1,13059,0.99894,1,0,1
1000,2018,4,50,7,1,64738,1.018606,11,0,1
1000,2018,8,50,4,1,26399,1.001614,3,0,1
1000,2018,20,50,1,0,0,1.0,4,0,1
1000,2018,154,50,12,2,81496,1.020387,10,0,1
1000,2018,807,50,14,2,87411,1.023812,13,0,0
1000,2018,815,50,15,2,103515,1.026545,19,0,0
1000,2018,817,50,5,1,31487,1.001264,12,0,1
1000,2018,822,50,3,1,25281,1.00501,2,0,1
1000,2018,825,50,9,1,73408,1.017209,9,0,1
1000,2018,828,50,17,2,115519,1.02767,14,0,0
1000,2018,832,50,11,1,82030,1.020364,5,0,1
1000,2018,838,50,8,1,68427,1.019304,16,0,0
1000,2018,839,50,10,1,81352,1.023158,18,0,0
1000,2018,840,50,16,2,112863,1.034935,15,0,0
1000,2018,842,50,6,1,61357,1.012681,6,0,1
1000,2018,843,50,13,2,85753,1.024956,8,0,0
1000,2018,845,50,18,2,118339,1.031998,20,0,0
1000,2018,1,75,1,0,0,1.0,1,0,1
1000,2018,4,75,8,2,106206,1.020242,11,0,1
1000,2018,8,75,4,1,23335,1.000072,3,0,1
1000,2018,20,75,3,1,14098,1.002269,4,0,1
1000,2018,154,75,10,2,122394,1.022994,10,0,1
1000,2018,807,75,14,2,141776,1.026121,13,0,0
1000,2018,815,75,13,2,140078,1.026798,19,0,0
1000,2018,817,75,5,1,37498,1.001654,12,0,1
1000,2018,822,75,2,1,12278,1.00373,2,0,1
1000,2018,825,75,7,1,72809,1.01656,9,0,1
1000,2018,828,75,15,2,166292,1.030927,14,0,0
1000,2018,832,75,9,2,118270,1.022819,5,0,1
1000,2018,839,75,12,2,137778,1.02355,18,0,0
1000,2018,840,75,17,3,192027,1.036378,15,0,0
1000,2018,842,75,6,1,64085,1.01318,6,0,1
1000,2018,843,75,11,2,126120,1.025874,8,0,0
1000,2018,845,75,16,2,170821,1.034151,20,0,0
1001,2018,1,10,2,1,619,0.999817,1,0,1
1001,2018,8,10,14,1,6112,0.928642,6,0,0
1001,2018,20,10,1,0,0,1.0,2,0,1
1001,2018,154,10,6,1,2391,0.987898,5,0,1
1001,2018,815,10,3,1,1120,0.998101,4,0,1
1001,2018,817,10,17,3,359733,2.913641,8,0,0
1001,2018,822,10,16,1,6572,0.951375,19,0,1
1001,2018,825,10,7,1,2961,0.984843,9,0,1
1001,2018,828,10,9,1,4032,0.972663,13,0,1
1001,2018,830,10,5,1,2066,0.992052,7,0,1
1001,2018,832,10,13,1,5391,0.947848,14,0,0
1001,2018,838,10,15,1,6394,0.934113,18,0,0
1001,2018,839,10,4,1,1573,0.993913,3,0,1
1001,2018,840,10,11,1,4700,0.965549,17,0,0
1001,2018,842,10,8,1,3334,0.98165,10,0,1
1001,2018,843,10,12,1,5302,0.952141,11,0,0
1001,2018,845,10,10,1,4480,0.969092,16,0,0
1001,2018,1,25,2,1,3295,1.00527,1,0,1
1001,2018,20,25,1,0,0,1.0,2,0,1
1001,2018,154,25,6,1,20678,1.029939,5,0,1
1001,2018,815,25,4,1,14638,1.021428,4,0,1
1001,2018,817,25,16,3,249568,1.038734,8,0,0
1001,2018,822,25,12,1,30631,1.044674,19,0,1
1001,2018,825,25,7,1,24034,1.032867,9,0,1
1001,2018,828,25,9,1,26528,1.043774,13,0,1
1001,2018,830,25,3,1,12669,1.024751,7,0,1
1001,2018,832,25,13,1,33393,1.042342,14,0,0
1001,2018,838,25,15,1,38674,1.060208,18,0,0
1001,2018,839,25,5,1,18518,1.027799,3,0,1
1001,2018,840,25,11,1,29787,1.044068,17,0,0
1001,2018,842,25,8,1,25714,1.036227,10,0,1
1001,2018,843,25,14,1,35185,1.054552,11,0,0
1001,2018,845,25,10,1,28658,1.040965,16,0,0
1001,2018,1,50,2,1,7938,1.00218,1,0,1
1001,2018,20,50,1,0,0,1.0,2,0,1
1001,2018,154,50,6,1,44616,1.022342,5,0,1
1001,2018,815,50,4,1,33975,1.017904,4,0,1
1001,2018,817,50,16,3,269101,1.019597,8,0,0
1001,2018,822,50,8,1,48560,1.023827,19,0,1
1001,2018,825,50,7,1,47942,1.022029,9,0,1
1001,2018,828,50,10,1,56468,1.028283,13,0,1
1001,2018,830,50,3,1,17945,1.00562,7,0,1
1001,2018,832,50,13,1,68271,1.032551,14,0,0
1001,2018,838,50,15,1,78298,1.035159,18,0,0
1001,2018,839,50,5,1,38948,1.01898,3,0,1
1001,2018,840,50,12,1,66389,1.032432,17,0,0
1001,2018,842,50,9,1,54669,1.030399,10,0,1
1001,2018,843,50,14,1,70488,1.034478,11,0,0
1001,2018,845,50,11,1,64127,1.031461,16,0,0
1001,2018,1,75,2,1,5110,1.000635,1,0,1
1001,2018,20,75,1,0,0,1.0,2,0,1
1001,2018,154,75,7,1,70455,1.020669,5,0,1
1001,2018,815,75,4,1,57029,1.015635,4,0,1
1001,2018,822,75,5,1,63131,1.01339,19,0,1
1001,2018,825,75,8,1,79259,1.022113,9,0,1
1001,2018,828,75,10,1,93246,1.024626,13,0,1
1001,2018,830,75,3,1,30164,1.005126,7,0,1
1001,2018,832,75,11,1,99797,1.029319,14,0,0
1001,2018,838,75,15,2,124894,1.035046,18,0,0
1001,2018,839,75,6,1,65801,1.017613,3,0,1
1001,2018,840,75,13,1,103678,1.030451,17,0,0
1001,2018,842,75,9,1,84925,1.02354,10,0,1
1001,2018,843,75,14,2,100690,1.029842,11,0,0
1001,2018,845,75,12,1,101539,1.028113,16,0,0
1002,2018,1,10,2,1,1004,0.996325,3,0,1
1002,2018,4,10,10,1,10453,0.980652,13,0,0
1002,2018,8,10,1,0,0,1.0,1,0,1
1002,2018,20,10,16,1,15502,0.958673,2,0,1
1002,2018,154,10,5,1,5559,0.991546,6,0,0
1002,2018,807,10,14,1,14338,0.956372,20,0,0
1002,2018,815,10,12,1,11409,0.970485,14,0,1
1002,2018,817,10,15,1,14972,0.955087,19,0,0
1002,2018,822,10,4,1,3825,0.991807,4,0,1
1002,2018,825,10,19,1,54872,1.132803,11,0,0
1002,2018,828,10,18,1,18306,0.947383,18,0,0
1002,2018,830,10,3,1,2780,0.997126,5,0,1
1002,2018,832,10,6,1,6293,0.988347,7,0,1
1002,2018,838,10,17,1,16886,0.969856,17,0,0
1002,2018,839,10,7,1,7632,0.986502,8,0,1
1002,2018,840,10,8,1,8370,0.982697,10,0,1
1002,2018,842,10,11,1,11316,0.978924,9,0,0
1002,2018,844,10,13,1,12961,0.968519,15,0,0
1002,2018,845,10,9,1,9001,0.982753,12,0,1
1002,2018,1,25,2,1,1155,1.000147,3,0,1
1002,2018,8,25,1,0,0,1.0,1,0,1
1002,2018,20,25,11,1,24860,1.015456,2,0,1
1002,2018,154,25,5,1,16288,1.015032,6,0,0
1002,2018,807,25,14,1,34203,1.02691,20,0,0
1002,2018,815,25,9,1,22908,1.018474,14,0,1
1002,2018,817,25,12,1,31474,1.023308,19,0,0
1002,2018,822,25,4,1,7623,1.004633,4,0,1
1002,2018,825,25,18,1,77680,1.037768,11,0,0
1002,2018,828,25,17,1,37055,1.026621,18,0,0
1002,2018,830,25,3,1,6604,1.005093,5,0,1
1002,2018,832,25,6,1,18937,1.01769,7,0,1
1002,2018,838,25,16,1,36491,1.028796,17,0,0
1002,2018,839,25,7,1,19406,1.0169,8,0,1
1002,2018,840,25,8,1,21838,1.020803,10,0,1
1002,2018,842,25,13,1,33432,1.035227,9,0,0
1002,2018,844,25,15,1,35464,1.030895,15,0,0
1002,2018,845,25,10,1,23792,1.021799,12,0,1
1002,2018,1,50,1,0,0,1.0,3,0,1
1002,2018,8,50,4,1,18802,0.99928,1,0,1
1002,2018,20,50,5,1,32393,1.006997,2,0,1
1002,2018,154,50,11,1,56837,1.014561,6,0,0
1002,2018,807,50,12,1,60704,1.024331,20,0,0
1002,2018,815,50,7,1,40653,1.014113,14,0,1
1002,2018,822,50,2,1,15734,1.005381,4,0,1
1002,2018,825,50,17,2,111295,1.028951,11,0,0
1002,2018,828,50,15,1,67264,1.026915,18,0,0
1002,2018,830,50,3,1,18543,1.004862,5,0,1
1002,2018,832,50,8,1,42498,1.018667,7,0,1
1002,2018,838,50,16,2,87579,1.027895,17,0,0
1002,2018,839,50,6,1,35144,1.015328,8,0,1
1002,2018,840,50,9,1,46654,1.020685,10,0,1
1002,2018,842,50,13,1,61537,1.028862,9,0,0
1002,2018,844,50,14,1,63931,1.025771,15,0,0
1002,2018,845,50,10,1,49129,1.020862,12,0,1
1002,2018,1,75,2,1,871,1.001461,3,0,1
1002,2018,8,75,1,0,0,1.0,1,0,1
1002,2018,20,75,5,1,34354,1.006448,2,0,1
1002,2018,154,75,8,1,53313,1.016492,6,0,0
1002,2018,807,75,10,1,72980,1.025081,20,0,0
1002,2018,815,75,6,1,41657,1.014492,14,0,1
1002,2018,822,75,4,1,20632,1.006525,4,0,1
1002,2018,825,75,17,2,134269,1.031063,11,0,0
1002,2018,828,75,12,1,78818,1.027039,18,0,0
1002,2018,830,75,3,1,18827,1.005998,5,0,1
1002,2018,832,75,7,1,52961,1.020556,7,0,1
1002,2018,838,75,15,2,93484,1.027373,17,0,0
1002,2018,839,75,9,1,57152,1.015575,8,0,1
1002,2018,840,75,11,1,76352,1.022561,10,0,1
1002,2018,842,75,16,2,94225,1.02645,9,0,0
1002,2018,844,75,14,2,91113,1.026485,15,0,0
1002,2018,845,75,13,1,81280,1.022585,12,0,1
1003,2018,1,10,1,0,0,1.0,1,0,1
1003,2018,4,10,9,1,10176,1.004184,11,0,1
1003,2018,8,10,5,1,3922,1.000207,5,0,1
1003,2018,20,10,2,1,1019,0.999372,3,0,1
1003,2018,154,10,8,1,8013,1.008035,8,0,0
1003,2018,807,10,11,1,13616,0.992317,10,0,1
1003,2018,815,10,7,1,6299,1.00882,7,0,0
1003,2018,817,10,6,1,4996,1.007607,6,0,1
1003,2018,822,10,4,1,2831,0.998304,4,0,1
1003,2018,825,10,15,1,16508,0.959274,16,0,0
1003,2018,828,10,14,1,15688,0.963671,14,0,0
1003,2018,830,10,3,1,1751,0.993467,2,0,1
1003,2018,832,10,10,1,12021,1.002789,12,0,1
1003,2018,838,10,17,1,18373,0.942112,18,0,0
1003,2018,840,10,18,1,19385,0.929579,20,0,0
1003,2018,842,10,12,1,14370,0.984515,15,0,0
1003,2018,843,10,16,1,17422,0.955002,17,0,0
1003,2018,844,10,13,1,15081,0.98067,13,0,1
1003,2018,845,10,19,1,20136,0.91057,19,0,0
1003,2018,1,25,2,1,418,0.999949,1,0,1
1003,2018,4,25,9,1,32574,1.019227,11,0,1
1003,2018,8,25,4,1,5975,1.001277,5,0,1
1003,2018,20,25,7,1,22646,1.002669,3,0,1
1003,2018,154,25,8,1,31661,1.017445,8,0,0
1003,2018,807,25,15,1,41653,1.019297,10,0,1
1003,2018,815,25,6,1,21068,1.010273,7,0,0
1003,2018,817,25,5,1,9787,1.003649,6,0,1
1003,2018,822,25,3,1,3941,1.001161,4,0,1
1003,2018,825,25,14,1,40017,1.021107,16,0,0
1003,2018,828,25,13,1,38602,1.020861,14,0,0
1003,2018,830,25,1,0,0,1.0,2,0,1
1003,2018,832,25,10,1,33407,1.017431,12,0,1
1003,2018,838,25,16,1,42314,1.021864,18,0,0
1003,2018,840,25,17,1,45930,1.023967,20,0,0
1003,2018,842,25,11,1,35389,1.017445,15,0,0
1003,2018,843,25,19,1,65393,1.027852,17,0,0
1003,2018,844,25,12,1,36248,1.020146,13,0,1
1003,2018,845,25,18,1,47771,1.027184,19,0,0
1003,2018,1,50,1,0,0,1.0,1,0,1
1003,2018,4,50,7,1,36248,1.027195,11,0,1
1003,2018,8,50,5,1,14024,1.007651,5,0,1
1003,2018,20,50,3,1,7869,1.002437,3,0,1
1003,2018,154,50,16,1,80866,1.029717,8,0,0
1003,2018,807,50,15,1,79239,1.030275,10,0,1
1003,2018,815,50,14,1,78017,1.029566,7,0,0
1003,2018,817,50,6,1,27046,1.015671,6,0,1
1003,2018,822,50,4,1,10992,1.005044,4,0,1
1003,2018,825,50,19,1,87161,1.036981,16,0,0
1003,2018,828,50,10,1,63616,1.033458,14,0,0
1003,2018,830,50,2,1,4519,1.0012,2,0,1
1003,2018,832,50,8,1,40317,1.02847,12,0,1
1003,2018,838,50,11,1,69278,1.033033,18,0,0
1003,2018,840,50,12,1,74524,1.033156,20,0,0
1003,2018,842,50,18,1,85692,1.032362,15,0,0
1003,2018,843,50,17,1,82661,1.027734,17,0,0
1003,2018,844,50,9,1,57881,1.032504,13,0,1
1003,2018,845,50,13,1,77200,1.033458,19,0,0
1003,2018,1,75,1,0,0,1.0,1,0,1
1003,2018,4,75,7,1,75143,1.013885,11,0,1
1003,2018,8,75,5,1,16601,1.004321,5,0,1
1003,2018,20,75,3,1,8342,1.001338,3,0,1
1003,2018,154,75,13,2,132881,1.031068,8,0,0
1003,2018,807,75,11,2,107843,1.027003,10,0,1
1003,2018,815,75,19,2,162104,1.030217,7,0,0
1003,2018,817,75,6,1,18002,1.004558,6,0,1
1003,2018,822,75,4,1,14557,1.002643,4,0,1
1003,2018,825,75,16,2,148100,1.034009,16,0,0
1003,2018,828,75,10,2,105191,1.031238,14,0,0
1003,2018,830,75,2,1,3391,1.000014,2,0,1
1003,2018,832,75,8,1,92522,1.0185,12,0,1
1003,2018,838,75,12,2,128208,1.030085,18,0,0
1003,2018,840,75,15,2,139510,1.033423,20,0,0
1003,2018,842,75,14,2,135021,1.033177,15,0,0
1003,2018,843,75,17,2,159892,1.031087,17,0,0
1003,2018,844,75,9,1,100362,1.028787,13,0,1
1003,2018,845,75,18,2,161671,1.037923,19,0,0
1004,2018,1,10,2,1,1412,1.00046,2,0,1
1004,2018,4,10,18,1,37308,1.051543,16,0,0
1004,2018,8,10,4,1,5634,1.003256,4,0,1
1004,2018,20,10,3,1,3290,1.001455,3,0,1
1004,2018,154,10,10,1,22200,1.034264,9,0,0
1004,2018,807,10,14,1,26439,1.038625,12,0,0
1004,2018,815,10,9,1,20201,1.030488,8,0,1
1004,2018,817,10,12,1,24527,1.025796,18,0,1
1004,2018,822,10,1,0,0,1.0,1,0,1
1004,2018,825,10,6,1,16313,1.023871,5,0,1
1004,2018,828,10,11,1,22952,1.035144,10,0,0
1004,2018,830,10,7,1,17381,1.014599,19,0,1
1004,2018,832,10,13,1,25869,1.0412,11,0,0
1004,2018,838,10,17,1,33747,1.046657,15,0,0
1004,2018,839,10,8,1,18692,1.027877,6,0,1
1004,2018,840,10,15,1,30356,1.046492,14,0,0
1004,2018,844,10,5,1,13740,1.018365,7,0,1
1004,2018,845,10,16,1,31654,1.046107,13,0,0
1004,2018,1,25,1,0,0,1.0,2,0,1
1004,2018,4,25,15,1,74035,1.025809,16,0,0
1004,2018,8,25,3,1,7385,1.002851,4,0,1
1004,2018,20,25,2,1,6523,1.00138,3,0,1
1004,2018,154,25,13,1,68912,1.0287,9,0,0
1004,2018,807,25,7,1,43212,1.02732,12,0,0
1004,2018,815,25,12,1,59692,1.02743,8,0,1
1004,2018,817,25,6,1,35695,1.017381,18,0,1
1004,2018,822,25,5,1,22641,1.00083,1,0,1
1004,2018,825,25,10,1,56496,1.02702,5,0,1
1004,2018,828,25,14,1,70189,1.038884,10,0,0
1004,2018,830,25,4,1,17893,1.006257,19,0,1
1004,2018,832,25,8,1,51330,1.032952,11,0,0
1004,2018,838,25,17,1,94245,1.052939,15,0,0
1004,2018,839,25,11,1,57910,1.029,6,0,1
1004,2018,840,25,16,1,81347,1.044516,14,0,0
1004,2018,844,25,9,1,52211,1.022438,7,0,1
1004,2018,845,25,18,1,99040,1.055055,13,0,0
1004,2018,1,50,2,1,3233,1.000582,2,0,1
1004,2018,4,50,15,1,89861,1.02493,16,0,0
1004,2018,8,50,5,1,14262,1.006486,4,0,1
1004,2018,20,50,4,1,5903,1.003323,3,0,1
1004,2018,154,50,12,1,77261,1.020653,9,0,0
1004,2018,807,50,7,1,44321,1.017199,12,0,0
1004,2018,815,50,10,1,67448,1.020924,8,0,1
1004,2018,817,50,6,1,22369,1.005502,18,0,1
1004,2018,822,50,3,1,4958,1.00252,1,0,1
1004,2018,825,50,9,1,65372,1.021336,5,0,1
1004,2018,828,50,13,1,78269,1.01993,10,0,0
1004,2018,830,50,1,0,0,1.0,19,0,1
1004,2018,832,50,14,1,80762,1.034368,11,0,0
1004,2018,838,50,17,2,115400,1.041773,15,0,0
1004,2018,839,50,11,1,69225,1.024529,6,0,1
1004,2018,840,50,16,1,93601,1.025151,14,0,0
1004,2018,844,50,8,1,53528,1.016376,7,0,1
1004,2018,845,50,18,2,117385,1.035406,13,0,0
1004,2018,1,75,2,1,2126,0.994578,2,0,1
1004,2018,4,75,14,2,129563,1.026364,16,0,0
1004,2018,8,75,5,1,12654,1.000614,4,0,1
1004,2018,20,75,4,1,6619,0.998258,3,0,1
1004,2018,154,75,12,1,97244,1.017927,9,0,0
1004,2018,807,75,11,1,95002,1.015279,12,0,0
1004,2018,815,75,10,1,90583,1.018889,8,0,1
1004,2018,817,75,6,1,37739,1.004617,18,0,1
1004,2018,822,75,3,1,4441,0.99641,1,0,1
1004,2018,825,75,8,1,86021,1.016286,5,0,1
1004,2018,828,75,13,2,122714,1.019781,10,0,0
1004,2018,830,75,1,0,0,1.0,19,0,1
1004,2018,832,75,16,2,142836,1.031961,11,0,0
1004,2018,838,75,17,2,151674,1.027572,15,0,0
1004,2018,839,75,9,1,87848,1.020107,6,0,1
1004,2018,840,75,15,2,132410,1.026576,14,0,0
1004,2018,844,75,7,1,72616,1.013346,7,0,1
1004,2018,845,75,18,2,154033,1.026032,13,0,0
1005,2018,1,10,1,0,0,1.0,1,0,1
1005,2018,4,10,13,1,15705,1.037795,18,0,0
1005,2018,8,10,5,1,5313,1.014904,4,0,1
1005,2018,20,10,4,1,4139,1.018112,8,0,1
1005,2018,154,10,6,1,6652,1.01502,5,0,1
1005,2018,807,10,14,1,16798,1.040829,16,0,0
1005,2018,815,10,8,1,10290,1.019447,9,0,1
1005,2018,817,10,10,1,11954,1.019821,15,0,1
1005,2018,822,10,2,1,1373,1.013045,2,0,1
1005,2018,825,10,20,1,143151,1.32055,12,0,0
1005,2018,828,10,18,1,20240,1.047685,20,0,0
1005,2018,830,10,3,1,3076,1.014215,3,0,1
1005,2018,832,10,12,1,14310,1.040086,13,0,1
1005,2018,838,10,16,1,19310,1.050781,19,0,0
1005,2018,839,10,9,1,10946,1.020777,11,0,1
1005,2018,840,10,15,1,17814,1.047391,14,0,0
1005,2018,842,10,7,1,8414,1.018993,7,0,0
1005,2018,843,10,11,1,13142,1.04078,6,0,0
1005,2018,844,10,19,1,29743,1.033266,10,0,0
1005,2018,845,10,17,1,20112,1.049064,17,0,0
1005,2018,1,25,1,0,0,1.0,1,0,1
1005,2018,4,25,12,1,26941,1.036356,18,0,0
1005,2018,8,25,4,1,8271,1.009609,4,0,1
1005,2018,20,25,15,1,31401,1.033067,8,0,1
1005,2018,154,25,6,1,16614,1.023412,5,0,1
1005,2018,807,25,13,1,28379,1.037686,16,0,0
1005,2018,815,25,8,1,19676,1.026998,9,0,1
1005,2018,817,25,5,1,16013,1.021307,15,0,1
1005,2018,822,25,2,1,2319,1.000199,2,0,1
1005,2018,828,25,18,1,34017,1.037623,20,0,0
1005,2018,830,25,3,1,5149,0.999136,3,0,1
1005,2018,832,25,10,1,22762,1.033643,13,0,1
1005,2018,838,25,19,1,35691,1.054547,19,0,0
1005,2018,839,25,9,1,21128,1.028685,11,0,1
1005,2018,840,25,16,1,31856,1.045237,14,0,0
1005,2018,842,25,7,1,18195,1.026695,7,0,0
1005,2018,843,25,11,1,25416,1.034476,6,0,0
1005,2018,844,25,14,1,29576,1.039136,10,0,0
1005,2018,845,25,17,1,33754,1.045556,17,0,0
1005,2018,1,50,1,0,0,1.0,1,0,1
1005,2018,4,50,13,1,49925,1.034187,18,0,0
1005,2018,8,50,5,1,21916,1.014487,4,0,1
1005,2018,20,50,10,1,41548,1.023973,8,0,1
1005,2018,154,50,6,1,30346,1.025704,5,0,1
1005,2018,807,50,12,1,49667,1.034135,16,0,0
1005,2018,815,50,17,1,54308,1.029935,9,0,1
1005,2018,817,50,4,1,16510,1.016777,15,0,1
1005,2018,822,50,2,1,4650,1.005001,2,0,1
1005,2018,828,50,15,1,51903,1.031085,20,0,0
1005,2018,830,50,3,1,15320,1.006447,3,0,1
1005,2018,832,50,8,1,37262,1.028943,13,0,1
1005,2018,838,50,19,1,72255,1.042618,19,0,0
1005,2018,839,50,9,1,38099,1.028521,11,0,1
1005,2018,840,50,18,1,61868,1.038608,14,0,0
1005,2018,842,50,7,1,34950,1.027318,7,0,0
1005,2018,843,50,11,1,44208,1.033586,6,0,0
1005,2018,844,50,14,1,50392,1.033723,10,0,0
1005,2018,845,50,16,1,54053,1.041753,17,0,0
1005,2018,1,75,1,0,0,1.0,1,0,1
1005,2018,4,75,14,2,93155,1.031196,18,0,0
1005,2018,8,75,5,1,18911,1.007457,4,0,1
1005,2018,20,75,6,1,59869,1.018287,8,0,1
1005,2018,154,75,7,1,65318,1.023016,5,0,1
1005,2018,815,75,8,1,66936,1.025623,9,0,1
1005,2018,817,75,4,1,11319,1.000253,15,0,1
1005,2018,822,75,2,1,5425,1.003235,2,0,1
1005,2018,828,75,12,1,87889,1.030045,20,0,0
1005,2018,830,75,3,1,6497,1.003995,3,0,1
1005,2018,832,75,11,1,78915,1.027501,13,0,1
1005,2018,838,75,16,2,99934,1.03185,19,0,0
1005,2018,839,75,9,1,68958,1.026815,11,0,1
1005,2018,840,75,15,2,99635,1.032747,14,0,0
1005,2018,842,75,10,1,74448,1.02595,7,0,0
1005,2018,843,75,13,1,89168,1.029196,6,0,0
1005,2018,845,75,17,2,100923,1.032072,17,0,0
1006,2018,1,10,2,1,1937,1.000075,1,0,1
1006,2018,8,10,1,0,0,1.0,2,0,1
1006,2018,20,10,10,1,21489,1.01981,5,0,1
1006,2018,807,10,5,1,12981,1.018933,7,0,1
1006,2018,815,10,9,1,20903,1.030718,10,0,1
1006,2018,817,10,4,1,8000,1.010919,4,0,0
1006,2018,822,10,3,1,6817,1.008493,3,0,1
1006,2018,825,10,11,1,23797,1.03427,12,0,0
1006,2018,828,10,15,1,29489,1.036979,16,0,1
1006,2018,830,10,7,1,15362,1.011237,18,0,1
1006,2018,832,10,6,1,14440,1.020497,11,0,1
1006,2018,838,10,14,1,28973,1.039993,17,0,0
1006,2018,839,10,8,1,19212,1.027944,6,0,0
1006,2018,840,10,18,1,64686,1.030773,15,0,0
1006,2018,842,10,16,1,30748,1.045881,19,0,0
1006,2018,843,10,13,1,27431,1.038454,20,0,1
1006,2018,844,10,17,1,57040,1.025742,9,0,0
1006,2018,845,10,12,1,26461,1.039276,14,0,0
1006,2018,1,25,3,1,7414,0.998987,1,0,1
1006,2018,8,25,1,0,0,1.0,2,0,1
1006,2018,20,25,5,1,22392,1.015266,5,0,1
1006,2018,807,25,6,1,25444,1.017149,7,0,1
1006,2018,815,25,9,1,33939,1.024563,10,0,1
1006,2018,822,25,2,1,6360,1.004728,3,0,1
1006,2018,825,25,10,1,36048,1.024598,12,0,0
1006,2018,828,25,12,1,44763,1.031794,16,0,1
1006,2018,830,25,4,1,12707,1.005776,18,0,1
1006,2018,832,25,7,1,26938,1.020705,11,0,1
1006,2018,838,25,14,1,51807,1.03164,17,0,0
1006,2018,839,25,8,1,32866,1.024385,6,0,0
1006,2018,840,25,17,1,94241,1.025929,15,0,0
1006,2018,842,25,15,1,54613,1.033006,19,0,0
1006,2018,843,25,11,1,42031,1.03026,20,0,1
1006,2018,844,25,16,1,73716,1.025333,9,0,0
1006,2018,845,25,13,1,48553,1.028402,14,0,0
1006,2018,1,50,1,0,0,1.0,1,0,1
1006,2018,8,50,2,1,17023,1.004453,2,0,1
1006,2018,20,50,5,1,42254,1.008726,5,0,1
1006,2018,807,50,7,1,65092,1.018747,7,0,1
1006,2018,815,50,15,1,81483,1.025302,10,0,1
1006,2018,822,50,4,1,24099,1.005703,3,0,1
1006,2018,825,50,6,1,60473,1.023843,12,0,0
1006,2018,828,50,10,1,74665,1.028176,16,0,1
1006,2018,830,50,3,1,21311,1.001524,18,0,1
1006,2018,832,50,8,1,70261,1.020466,11,0,1
1006,2018,838,50,13,1,79592,1.024874,17,0,0
1006,2018,839,50,11,1,75649,1.023833,6,0,0
1006,2018,840,50,17,2,131774,1.025674,15,0,0
1006,2018,842,50,14,1,80925,1.026487,19,0,0
1006,2018,843,50,9,1,71816,1.027618,20,0,1
1006,2018,844,50,16,2,103021,1.024828,9,0,0
1006,2018,845,50,12,1,78449,1.024948,14,0,0
1006,2018,1,75,3,1,7840,1.002431,1,0,1
1006,2018,8,75,1,0,0,1.0,2,0,1
1006,2018,20,75,5,1,15655,1.002596,5,0,1
1006,2018,807,75,6,1,68563,1.018873,7,0,1
1006,2018,815,75,10,1,79661,1.022947,10,0,1
1006,2018,822,75,4,1,11802,1.002601,3,0,1
1006,2018,825,75,9,1,78271,1.021864,12,0,0
1006,2018,828,75,13,2,104734,1.027336,16,0,1
1006,2018,830,75,2,1,2300,0.999905,18,0,1
1006,2018,832,75,7,1,72631,1.02057,11,0,1
1006,2018,838,75,11,2,96715,1.023841,17,0,0
1006,2018,839,75,8,1,76368,1.019317,6,0,0
1006,2018,840,75,16,2,182422,1.027715,15,0,0
1006,2018,842,75,15,2,122331,1.026687,19,0,0
1006,2018,843,75,12,2,103222,1.026587,20,0,1
1006,2018,845,75,14,2,118951,1.027346,14,0,0
1007,2018,1,10,2,1,1883,1.003967,3,0,1
1007,2018,8,10,6,1,10647,1.013995,6,0,1
1007,2018,20,10,4,1,6991,1.011735,4,0,1
1007,2018,154,10,16,1,35713,1.0509,18,0,0
1007,2018,807,10,8,1,17686,1.026962,7,0,1
1007,2018,815,10,11,1,25799,1.036929,13,0,0
1007,2018,817,10,3,1,3760,1.005593,1,0,0
1007,2018,822,10,5,1,9665,1.015295,5,0,1
1007,2018,825,10,13,1,30238,1.041826,16,0,0
1007,2018,828,10,10,1,24850,1.036609,10,0,1
1007,2018,830,10,1,0,0,1.0,2,0,1
1007,2018,832,10,7,1,15986,1.025841,8,0,0
1007,2018,838,10,14,1,32795,1.042842,15,0,1
1007,2018,839,10,18,1,45982,1.077911,11,0,0
1007,2018,840,10,12,1,28580,1.040298,17,0,0
1007,2018,842,10,19,1,55997,1.073513,20,0,1
1007,2018,843,10,17,1,44625,1.064248,14,0,0
1007,2018,844,10,9,1,21254,1.031015,9,0,1
1007,2018,845,10,15,1,35062,1.057953,19,0,0
1007,2018,1,25,3,1,12164,1.010226,3,0,1
1007,2018,8,25,5,1,19366,1.024226,6,0,1
1007,2018,20,25,2,1,0,1.011445,4,0,1
1007,2018,154,25,11,1,55643,1.049475,18,0,0
1007,2018,807,25,9,1,50927,1.036743,7,0,1
1007,2018,815,25,7,1,43850,1.038454,13,0,0
1007,2018,817,25,4,1,13390,1.009395,1,0,0
1007,2018,822,25,6,1,20910,1.014751,5,0,1
1007,2018,825,25,10,1,53614,1.053027,16,0,0
1007,2018,828,25,19,1,82271,1.061271,10,0,1
1007,2018,830,25,1,0,0,1.0,2,0,1
1007,2018,832,25,8,1,47262,1.032446,8,0,0
1007,2018,838,25,16,1,60016,1.036872,15,0,1
1007,2018,839,25,14,1,58498,1.044574,11,0,0
1007,2018,840,25,17,1,64386,1.038079,17,0,0
1007,2018,842,25,15,1,59139,1.032224,20,0,1
1007,2018,843,25,13,1,57612,1.042826,14,0,0
1007,2018,844,25,12,1,55883,1.037131,9,0,1
1007,2018,845,25,18,1,68032,1.040628,19,0,0
1007,2018,1,50,2,1,12665,1.00501,3,0,1
1007,2018,8,50,6,1,29745,1.010739,6,0,1
1007,2018,20,50,3,1,16155,1.007442,4,0,1
1007,2018,154,50,12,2,114773,1.048033,18,0,0
1007,2018,807,50,7,2,90106,1.036571,7,0,1
1007,2018,815,50,8,2,105969,1.037333,13,0,0
1007,2018,817,50,4,1,19733,1.007104,1,0,0
1007,2018,822,50,5,1,23625,1.007147,5,0,1
1007,2018,825,50,10,2,109586,1.045121,16,0,0
1007,2018,828,50,13,2,118151,1.042406,10,0,1
1007,2018,830,50,1,0,0,1.0,2,0,1
1007,2018,838,50,11,2,110780,1.042554,15,0,1
1007,2018,839,50,15,2,119731,1.043107,11,0,0
1007,2018,840,50,16,2,121362,1.038586,17,0,0
1007,2018,842,50,18,2,131055,1.043856,20,0,1
1007,2018,843,50,14,2,118734,1.043119,14,0,0
1007,2018,844,50,9,2,107588,1.039667,9,0,1
1007,2018,845,50,17,2,124620,1.042394,19,0,0
1007,2018,1,75,5,1,31911,1.007218,3,0,1
1007,2018,8,75,4,1,18893,1.004609,6,0,1
1007,2018,20,75,3,1,8942,1.005926,4,0,1
1007,2018,154,75,17,3,173962,1.047934,18,0,0
1007,2018,807,75,7,2,140079,1.037453,7,0,1
1007,2018,817,75,2,1,6756,1.005895,1,0,0
1007,2018,822,75,6,1,50644,1.00936,5,0,1
1007,2018,825,75,15,3,167845,1.046002,16,0,0
1007,2018,828,75,10,2,162509,1.039742,10,0,1
1007,2018,830,75,1,0,0,1.0,2,0,1
1007,2018,838,75,9,2,157320,1.043619,15,0,1
1007,2018,839,75,12,3,161625,1.043553,11,0,0
1007,2018,840,75,14,3,165528,1.040249,17,0,0
1007,2018,842,75,13,3,163052,1.034569,20,0,1
1007,2018,843,75,11,3,159625,1.04116,14,0,0
1007,2018,844,75,8,2,156024,1.042376,9,0,1
1007,2018,845,75,16,3,173259,1.042458,19,0,0
1008,2018,1,10,1,0,0,1.0,1,0,1
1008,2018,4,10,15,1,18007,1.020905,17,0,0
1008,2018,8,10,4,1,3446,1.002667,4,0,1
1008,2018,20,10,5,1,4192,1.002613,2,0,1
1008,2018,154,10,8,1,9164,1.011281,8,0,1
1008,2018,807,10,14,1,16953,1.021242,13,0,0
1008,2018,815,10,12,1,15210,1.017834,12,0,1
1008,2018,817,10,6,1,5604,1.002014,11,0,1
1008,2018,822,10,2,1,1874,1.002734,3,0,1
1008,2018,825,10,11,1,14226,1.018979,10,0,1
1008,2018,828,10,10,1,14075,1.019861,6,0,0
1008,2018,830,10,3,1,2233,1.001448,5,0,1
1008,2018,832,10,13,1,16079,1.018622,15,0,0
1008,2018,838,10,20,1,22795,1.028442,20,0,0
1008,2018,839,10,17,1,19398,1.021787,18,0,0
1008,2018,840,10,19,1,22123,1.029007,19,0,0
1008,2018,842,10,9,1,13253,1.021686,9,0,0
1008,2018,843,10,16,1,18824,1.02044,16,0,0
1008,2018,844,10,7,1,8255,1.011981,7,0,1
1008,2018,845,10,18,1,20845,1.028852,14,0,0
1008,2018,1,25,1,0,0,1.0,1,0,1
1008,2018,4,25,20,1,68303,1.029013,17,0,0
1008,2018,8,25,4,1,8139,1.002963,4,0,1
1008,2018,20,25,5,1,8933,1.005063,2,0,1
1008,2018,154,25,8,1,16116,1.009588,8,0,1
1008,2018,807,25,13,1,32902,1.020953,13,0,0
1008,2018,815,25,11,1,29164,1.01758,12,0,1
1008,2018,817,25,6,1,10440,1.005157,11,0,1
1008,2018,822,25,3,1,7076,1.003777,3,0,1
1008,2018,825,25,9,1,22143,1.010881,10,0,1
1008,2018,828,25,15,1,40519,1.028164,6,0,0
1008,2018,830,25,2,1,1761,0.999381,5,0,1
1008,2018,832,25,12,1,31112,1.018334,15,0,0
1008,2018,838,25,17,1,44275,1.028932,20,0,0
1008,2018,839,25,14,1,36705,1.021869,18,0,0
1008,2018,840,25,18,1,47347,1.029908,19,0,0
1008,2018,842,25,10,1,28882,1.020401,9,0,0
1008,2018,843,25,16,1,40985,1.028319,16,0,0
1008,2018,844,25,7,1,12956,1.008059,7,0,1
1008,2018,845,25,19,1,63357,1.030938,14,0,0
1008,2018,1,50,3,1,15152,0.999447,1,0,1
1008,2018,4,50,18,2,95996,1.02142,17,0,0
1008,2018,8,50,5,1,23628,1.00234,4,0,1
1008,2018,20,50,6,1,25065,1.002705,2,0,1
1008,2018,154,50,10,1,48452,1.011048,8,0,1
1008,2018,815,50,9,1,40962,1.012397,12,0,1
1008,2018,817,50,1,0,0,1.0,11,0,1
1008,2018,822,50,4,1,23250,1.003467,3,0,1
1008,2018,825,50,8,1,30094,1.006192,10,0,1
1008,2018,830,50,2,1,0,0.997592,5,0,1
1008,2018,832,50,14,1,71024,1.019276,15,0,0
1008,2018,838,50,17,2,94399,1.025872,20,0,0
1008,2018,839,50,11,1,52176,1.016673,18,0,0
1008,2018,840,50,16,2,87557,1.025467,19,0,0
1008,2018,842,50,13,1,69224,1.020382,9,0,0
1008,2018,843,50,12,1,61209,1.021569,16,0,0
1008,2018,844,50,7,1,25473,1.00723,7,0,1
1008,2018,845,50,15,2,85059,1.023633,14,0,0
1008,2018,1,75,1,0,0,1.0,1,0,1
1008,2018,4,75,18,2,107648,1.021739,17,0,0
1008,2018,8,75,3,1,5687,1.001369,4,0,1
1008,2018,20,75,6,1,17361,1.005123,2,0,1
1008,2018,154,75,8,1,36580,1.013432,8,0,1
1008,2018,815,75,10,1,59876,1.01392,12,0,1
1008,2018,817,75,5,1,9943,1.001809,11,0,1
1008,2018,822,75,4,1,9158,1.002148,3,0,1
1008,2018,825,75,9,1,42475,1.008912,10,0,1
1008,2018,830,75,2,1,4094,0.999038,5,0,1
1008,2018,832,75,13,2,93600,1.020695,15,0,0
1008,2018,838,75,17,2,106097,1.028,20,0,0
1008,2018,839,75,14,2,96352,1.017903,18,0,0
1008,2018,840,75,16,2,104294,1.018879,19,0,0
1008,2018,842,75,11,2,80639,1.014935,9,0,0
1008,2018,843,75,12,2,92174,1.019543,16,0,0
1008,2018,844,75,7,1,32590,1.010003,7,0,1
1008,2018,845,75,15,2,102776,1.018757,14,0,0
1009,2018,1,10,1,0,0,1.0,1,0,1
1009,2018,4,10,14,1,12776,0.971722,15,0,0
1009,2018,8,10,4,1,4126,0.994786,4,0,0
1009,2018,20,10,3,1,3297,0.994074,3,0,1
1009,2018,154,10,7,1,7187,0.990587,7,0,1
1009,2018,815,10,10,1,10047,0.984764,14,0,1
1009,2018,817,10,6,1,6135,0.991985,5,0,1
1009,2018,822,10,2,1,1935,0.992051,2,0,1
1009,2018,825,10,15,1,13721,0.963805,13,0,1
1009,2018,828,10,12,1,11541,0.977586,12,0,0
1009,2018,830,10,9,1,8780,0.987864,6,0,1
1009,2018,832,10,11,1,10816,0.982229,11,0,1
1009,2018,838,10,17,1,15133,0.961238,18,0,0
1009,2018,839,10,8,1,8309,0.989188,9,0,0
1009,2018,840,10,16,1,14616,0.966627,20,0,0
1009,2018,842,10,13,1,12170,0.975641,17,0,0
1009,2018,843,10,19,1,16953,0.964782,16,0,0
1009,2018,844,10,5,1,5297,0.989769,8,0,1
1009,2018,845,10,18,1,15890,0.959165,19,0,0
1009,2018,1,25,5,1,9172,0.997988,1,0,1
1009,2018,4,25,11,1,26630,1.030243,15,0,0
1009,2018,20,25,2,1,2403,1.000517,3,0,1
1009,2018,154,25,16,1,34032,1.024711,7,0,1
1009,2018,815,25,7,1,20920,1.02463,14,0,1
1009,2018,817,25,3,1,4364,1.013394,5,0,1
1009,2018,822,25,1,0,0,1.0,2,0,1
1009,2018,825,25,13,1,29461,1.031486,13,0,1
1009,2018,828,25,8,1,23095,1.027282,12,0,0
1009,2018,830,25,4,1,5256,1.015202,6,0,1
1009,2018,832,25,9,1,23605,1.026181,11,0,1
1009,2018,838,25,15,1,32519,1.037374,18,0,0
1009,2018,839,25,6,1,19597,1.025821,9,0,0
1009,2018,840,25,14,1,30944,1.037474,20,0,0
1009,2018,842,25,10,1,24988,1.027909,17,0,0
1009,2018,843,25,18,1,37389,1.032141,16,0,0
1009,2018,844,25,12,1,27663,1.020369,8,0,1
1009,2018,845,25,17,1,36612,1.03996,19,0,0
1009,2018,1,50,2,1,3167,1.000887,1,0,1
1009,2018,4,50,10,1,62573,1.027386,15,0,0
1009,2018,20,50,4,1,12442,1.000754,3,0,1
1009,2018,154,50,14,1,68809,1.027085,7,0,1
1009,2018,815,50,9,1,61600,1.021514,14,0,1
1009,2018,817,50,1,0,0,1.0,5,0,1
1009,2018,822,50,3,1,10683,1.000377,2,0,1
1009,2018,825,50,11,1,63557,1.027777,13,0,1
1009,2018,830,50,5,1,13830,0.999866,6,0,1
1009,2018,832,50,6,1,41761,1.021042,11,0,1
1009,2018,838,50,13,1,67720,1.028354,18,0,0
1009,2018,839,50,15,1,69458,1.025115,9,0,0
1009,2018,840,50,12,1,65449,1.027706,20,0,0
1009,2018,842,50,7,1,56013,1.026775,17,0,0
1009,2018,843,50,16,1,72698,1.032514,16,0,0
1009,2018,844,50,8,1,59210,1.025611,8,0,1
1009,2018,845,50,17,1,74769,1.032805,19,0,0
1009,2018,1,75,1,0,0,1.0,1,0,1
1009,2018,4,75,14,2,102415,1.027782,15,0,0
1009,2018,20,75,2,1,5203,0.995677,3,0,1
1009,2018,154,75,11,1,96540,1.028992,7,0,1
1009,2018,815,75,8,1,74787,1.018112,14,0,1
1009,2018,817,75,4,1,11698,1.002626,5,0,1
1009,2018,822,75,5,1,36755,1.004774,2,0,1
1009,2018,825,75,9,1,83933,1.029394,13,0,1
1009,2018,830,75,3,1,9440,0.997589,6,0,1
1009,2018,832,75,6,1,64329,1.017144,11,0,1
1009,2018,838,75,16,2,126669,1.03147,18,0,0
1009,2018,839,75,10,1,88543,1.022598,9,0,0
1009,2018,840,75,13,2,96563,1.029439,20,0,0
1009,2018,842,75,12,1,99216,1.025526,17,0,0
1009,2018,843,75,15,2,111894,1.030474,16,0,0
1009,2018,844,75,7,1,71764,1.021879,8,0,1
1009,2018,845,75,17,2,134103,1.033674,19,0,0
1010,2019,1,10,2,1,1575,1.001354,1,0,1
1010,2019,8,10,9,1,13859,1.020719,9,0,1
1010,2019,9,10,20,1,74965,1.049976,20,0,0
1010,2019,20,10,3,1,3405,1.003798,3,0,1
1010,2019,154,10,7,1,11873,1.01928,6,0,0
1010,2019,807,10,8,1,12817,1.018994,11,0,1
1010,2019,815,10,12,1,18644,1.028864,10,0,0
1010,2019,817,10,19,1,69479,1.026499,12,0,0
1010,2019,822,10,1,0,0,1.0,2,0,1
1010,2019,825,10,6,1,10292,1.017342,7,0,1
1010,2019,826,10,15,1,20980,1.030196,15,0,1
1010,2019,830,10,4,1,4617,1.006112,4,0,1
1010,2019,832,10,14,1,20283,1.030274,18,0,0
1010,2019,840,10,13,1,19385,1.029016,16,0,1
1010,2019,841,10,17,1,25036,1.038358,14,0,0
1010,2019,842,10,16,1,21410,1.02801,17,0,0
1010,2019,844,10,5,1,6556,1.009028,5,0,1
1010,2019,846,10,10,1,15703,1.023848,8,0,0
1010,2019,847,10,18,1,27735,1.04337,19,0,0
1010,2019,848,10,11,1,17016,1.026814,13,0,0
1010,2019,1,25,2,1,3843,1.004405,1,0,1
1010,2019,8,25,14,1,54751,1.023919,9,0,1
1010,2019,9,25,19,2,114720,1.052771,20,0,0
1010,2019,20,25,5,1,25782,1.006895,3,0,1
1010,2019,154,25,6,1,28401,1.021147,6,0,0
1010,2019,807,25,13,1,50854,1.021857,11,0,1
1010,2019,815,25,17,1,62291,1.02722,10,0,0
1010,2019,817,25,18,1,82563,1.016562,12,0,0
1010,2019,822,25,1,0,0,1.0,2,0,1
1010,2019,825,25,11,1,45181,1.020956,7,0,1
1010,2019,826,25,9,1,40465,1.027411,15,0,1
1010,2019,830,25,3,1,9983,1.007672,4,0,1
1010,2019,840,25,8,1,39287,1.026521,16,0,1
1010,2019,841,25,12,1,46506,1.027479,14,0,0
1010,2019,842,25,10,1,41007,1.027107,17,0,0
1010,2019,844,25,4,1,18637,1.012911,5,0,1
1010,2019,846,25,7,1,34380,1.023885,8,0,0
1010,2019,847,25,16,1,61107,1.043038,19,0,0
1010,2019,848,25,15,1,54972,1.027107,13,0,0
1010,2019,1,50,2,1,15083,1.002008,1,0,1
1010,2019,8,50,9,1,53591,1.016745,9,0,1
1010,2019,9,50,19,2,169981,1.052714,20,0,0
1010,2019,20,50,3,1,17788,1.005619,3,0,1
1010,2019,154,50,13,1,66914,1.023481,6,0,0
1010,2019,807,50,8,1,50864,1.020626,11,0,1
1010,2019,815,50,14,1,69652,1.025094,10,0,0
1010,2019,817,50,16,2,92315,1.018837,12,0,0
1010,2019,822,50,1,0,0,1.0,2,0,1
1010,2019,825,50,7,1,48618,1.01978,7,0,1
1010,2019,826,50,11,1,60723,1.021833,15,0,1
1010,2019,830,50,4,1,19036,1.005393,4,0,1
1010,2019,840,50,10,1,59034,1.024158,16,0,1
1010,2019,841,50,17,2,93580,1.029257,14,0,0
1010,2019,842,50,6,1,37062,1.01591,17,0,0
1010,2019,844,50,5,1,29477,1.008587,5,0,1
1010,2019,846,50,12,1,64888,1.024677,8,0,0
1010,2019,847,50,18,2,111921,1.04252,19,0,0
1010,2019,848,50,15,1,74016,1.026144,13,0,0
1010,2019,1,75,2,1,24598,1.008932,1,0,1
1010,2019,8,75,8,1,75900,1.015276,9,0,1
1010,2019,9,75,17,3,239854,1.050099,20,0,0
1010,2019,20,75,4,1,35724,1.009399,3,0,1
1010,2019,807,75,7,1,73443,1.01737,11,0,1
1010,2019,815,75,13,2,96629,1.023804,10,0,0
1010,2019,822,75,1,0,0,1.0,2,0,1
1010,2019,825,75,6,1,70694,1.015362,7,0,1
1010,2019,826,75,10,1,78279,1.019475,15,0,1
1010,2019,830,75,3,1,26147,1.009962,4,0,1
1010,2019,840,75,9,1,77212,1.016198,16,0,1
1010,2019,841,75,15,2,131248,1.035507,14,0,0
1010,2019,842,75,11,1,80571,1.019754,17,0,0
1010,2019,844,75,5,1,41623,1.01337,5,0,1
1010,2019,846,75,12,2,90401,1.028399,8,0,0
1010,2019,847,75,16,3,153601,1.044291,19,0,0
1010,2019,848,75,14,2,102007,1.027739,13,0,0
1011,2019,1,10,3,1,3238,1.005479,3,0,1
1011,2019,8,10,8,1,13458,1.021698,8,0,1
1011,2019,9,10,17,1,24519,1.041039,20,0,0
1011,2019,20,10,2,1,0,1.004207,2,0,1
1011,2019,154,10,19,1,72606,1.014886,11,0,0
1011,2019,807,10,9,1,14310,1.022943,17,0,0
1011,2019,815,10,10,1,15222,1.022261,14,0,1
1011,2019,817,10,7,1,12717,1.021543,10,0,0
1011,2019,822,10,4,1,7284,1.014353,4,0,1
1011,2019,825,10,6,1,12269,1.022282,6,0,0
1011,2019,826,10,14,1,17973,1.027523,15,0,0
1011,2019,830,10,5,1,8923,1.018865,5,0,1
1011,2019,832,10,20,1,86356,1.208972,7,0,0
1011,2019,840,10,18,1,68101,1.014312,18,0,0
1011,2019,841,10,15,1,18457,1.027812,16,0,0
1011,2019,842,10,11,1,15817,1.022918,13,0,1
1011,2019,844,10,1,0,0,1.0,1,0,1
1011,2019,846,10,12,1,16384,1.021486,9,0,1
1011,2019,847,10,16,1,23621,1.039778,19,0,0
1011,2019,848,10,13,1,17277,1.027786,12,0,1
1011,2019,1,25,4,1,17640,1.002983,3,0,1
1011,2019,8,25,8,1,30718,1.012911,8,0,1
1011,2019,9,25,15,1,60495,1.030904,20,0,0
1011,2019,20,25,2,1,0,1.004588,2,0,1
1011,2019,154,25,19,1,78100,1.01396,11,0,0
1011,2019,807,25,9,1,33887,1.01359,17,0,0
1011,2019,815,25,11,1,36834,1.013353,14,0,1
1011,2019,817,25,3,1,13417,1.01109,10,0,0
1011,2019,822,25,5,1,22369,1.007201,4,0,1
1011,2019,825,25,12,1,39500,1.019536,6,0,0
1011,2019,826,25,16,1,61774,1.022581,15,0,0
1011,2019,830,25,6,1,23368,1.004671,5,0,1
1011,2019,832,25,20,1,79712,1.006234,7,0,0
1011,2019,840,25,18,1,70790,1.011779,18,0,0
1011,2019,841,25,7,1,29506,1.021984,16,0,0
1011,2019,842,25,13,1,40341,1.019659,13,0,1
1011,2019,844,25,1,0,0,1.0,1,0,1
1011,2019,846,25,10,1,35315,1.017221,9,0,1
1011,2019,847,25,17,1,65185,1.034515,19,0,0
1011,2019,848,25,14,1,41560,1.017911,12,0,1
1011,2019,1,50,3,1,10558,1.00442,3,0,1
1011,2019,8,50,8,1,49893,1.018581,8,0,1
1011,2019,9,50,16,2,104888,1.038184,20,0,0
1011,2019,20,50,2,1,8215,1.005662,2,0,1
1011,2019,807,50,6,1,44560,1.015176,17,0,0
1011,2019,815,50,10,1,61771,1.019679,14,0,1
1011,2019,817,50,12,1,68253,1.021739,10,0,0
1011,2019,822,50,4,1,20872,1.007194,4,0,1
1011,2019,825,50,11,1,66775,1.023964,6,0,0
1011,2019,826,50,14,1,77000,1.020766,15,0,0
1011,2019,830,50,5,1,26790,1.009182,5,0,1
1011,2019,832,50,19,2,126805,1.021769,7,0,0
1011,2019,840,50,18,2,125278,1.020318,18,0,0
1011,2019,841,50,13,1,71600,1.024047,16,0,0
1011,2019,842,50,9,1,54672,1.015093,13,0,1
1011,2019,844,50,1,0,0,1.0,1,0,1
1011,2019,846,50,7,1,48228,1.016314,9,0,1
1011,2019,847,50,17,2,119573,1.035707,19,0,0
1011,2019,848,50,15,1,84434,1.021801,12,0,1
1011,2019,1,75,2,1,10441,1.003641,3,0,1
1011,2019,8,75,9,1,74298,1.017284,8,0,1
1011,2019,9,75,18,2,150902,1.032858,20,0,0
1011,2019,20,75,6,1,70661,1.003041,2,0,1
1011,2019,807,75,5,1,70048,1.013064,17,0,0
1011,2019,815,75,12,1,92724,1.018846,14,0,1
1011,2019,817,75,7,1,72429,1.01564,10,0,0
1011,2019,822,75,3,1,36811,1.006517,4,0,1
1011,2019,825,75,14,2,112793,1.026525,6,0,0
1011,2019,826,75,15,2,113316,1.019593,15,0,0
1011,2019,830,75,4,1,43321,1.007468,5,0,1
1011,2019,832,75,19,2,156055,1.01936,7,0,0
1011,2019,840,75,16,2,129786,1.017013,18,0,0
1011,2019,841,75,13,2,106771,1.022508,16,0,0
1011,2019,842,75,11,1,85573,1.017843,13,0,1
1011,2019,844,75,1,0,0,1.0,1,0,1
1011,2019,846,75,8,1,73456,1.015526,9,0,1
1011,2019,847,75,17,2,136298,1.029849,19,0,0
1011,2019,848,75,10,1,83776,1.014905,12,0,1
1012,2019,1,10,1,0,0,1.0,2,0,1
1012,2019,8,10,10,1,19376,1.022414,13,0,1
1012,2019,9,10,18,1,30372,1.046649,18,0,0
1012,2019,20,10,4,1,4917,1.004289,3,0,1
1012,2019,154,10,11,1,21203,1.03395,10,0,0
1012,2019,807,10,9,1,18285,1.025784,8,0,0
1012,2019,815,10,8,1,16401,1.02013,12,0,1
1012,2019,817,10,7,1,15069,1.020297,7,0,1
1012,2019,822,10,2,1,1828,1.001812,1,0,1
1012,2019,825,10,12,1,22906,1.035965,9,0,0
1012,2019,826,10,14,1,24044,1.029098,11,0,0
1012,2019,830,10,5,1,6967,1.00637,5,0,1
1012,2019,832,10,19,1,63069,1.018277,14,0,0
1012,2019,840,10,13,1,23421,1.03392,16,0,0
1012,2019,841,10,16,1,25789,1.040726,19,0,0
1012,2019,842,10,6,1,10818,1.01414,6,0,1
1012,2019,844,10,3,1,4193,1.00404,4,0,1
1012,2019,846,10,20,1,75238,1.018759,15,0,0
1012,2019,847,10,17,1,27633,1.042959,17,0,0
1012,2019,848,10,15,1,25353,1.029306,,1,1
1012,2019,1,25,1,0,0,1.0,2,0,1
1012,2019,8,25,9,1,34381,1.019845,13,0,1
1012,2019,9,25,17,1,63173,1.042325,18,0,0
1012,2019,20,25,3,1,10306,1.004614,3,0,1
1012,2019,154,25,14,1,60006,1.028443,10,0,0
1012,2019,807,25,15,1,60782,1.023931,8,0,0
1012,2019,815,25,8,1,31517,1.018881,12,0,1
1012,2019,817,25,7,1,29655,1.01946,7,0,1
1012,2019,822,25,2,1,4154,1.002218,1,0,1
1012,2019,825,25,16,1,62388,1.032524,9,0,0
1012,2019,826,25,13,1,58830,1.023033,11,0,0
1012,2019,830,25,5,1,13838,1.006634,5,0,1
1012,2019,832,25,19,1,78622,1.019069,14,0,0
1012,2019,840,25,10,1,45488,1.03059,16,0,0
1012,2019,841,25,18,1,65686,1.035859,19,0,0
1012,2019,842,25,6,1,22120,1.013805,6,0,1
1012,2019,844,25,4,1,11372,1.00471,4,0,1
1012,2019,846,25,20,1,91787,1.020586,15,0,0
1012,2019,847,25,12,1,53234,1.033691,17,0,0
1012,2019,848,25,11,1,46035,1.025662,,1,1
1012,2019,1,50,1,0,0,1.0,2,0,1
1012,2019,8,50,10,1,65940,1.020452,13,0,1
1012,2019,9,50,17,2,101871,1.042392,18,0,0
1012,2019,20,50,3,1,10342,1.003509,3,0,1
1012,2019,154,50,9,1,63753,1.01857,10,0,0
1012,2019,815,50,8,1,60811,1.018261,12,0,1
1012,2019,817,50,7,1,58955,1.018631,7,0,1
1012,2019,822,50,2,1,2475,1.002272,1,0,1
1012,2019,825,50,11,1,70697,1.021943,9,0,0
1012,2019,826,50,16,1,92201,1.022257,11,0,0
1012,2019,830,50,4,1,14526,1.005,5,0,1
1012,2019,832,50,15,1,81955,1.017039,14,0,0
1012,2019,840,50,13,1,75064,1.024427,16,0,0
1012,2019,841,50,14,1,75894,1.021009,19,0,0
1012,2019,842,50,6,1,34526,1.012911,6,0,1
1012,2019,844,50,5,1,23349,1.010132,4,0,1
1012,2019,846,50,19,2,127412,1.018194,15,0,0
1012,2019,847,50,18,2,102497,1.035303,17,0,0
1012,2019,848,50,12,1,72733,1.023261,,1,1
1012,2019,1,75,1,0,0,1.0,2,0,1
1012,2019,8,75,9,1,69559,1.019711,13,0,1
1012,2019,9,75,18,2,160176,1.041103,18,0,0
1012,2019,20,75,4,1,11512,1.000061,3,0,1
1012,2019,154,75,12,2,97578,1.019408,10,0,0
1012,2019,815,75,8,1,67750,1.019183,12,0,1
1012,2019,817,75,7,1,66331,1.019666,7,0,1
1012,2019,822,75,2,1,7200,1.002745,1,0,1
1012,2019,825,75,13,2,102194,1.022467,9,0,0
1012,2019,826,75,16,2,133641,1.020628,11,0,0
1012,2019,830,75,5,1,22279,1.002796,5,0,1
1012,2019,832,75,15,2,123564,1.019144,14,0,0
1012,2019,840,75,11,1,87191,1.022781,16,0,0
1012,2019,841,75,14,2,113426,1.020851,19,0,0
1012,2019,842,75,6,1,56336,1.013729,6,0,1
1012,2019,844,75,3,1,10177,1.004336,4,0,1
1012,2019,846,75,19,2,164594,1.018159,15,0,0
1012,2019,847,75,17,2,134776,1.03338,17,0,0
1012,2019,848,75,10,1,84893,1.020184,,1,1
1013,2019,1,10,2,1,2785,1.001919,2,0,1
1013,2019,8,10,17,1,29293,1.031353,,1,1
1013,2019,9,10,20,1,34760,1.038444,,1,0
1013,2019,20,10,3,1,8519,1.014206,3,0,1
1013,2019,154,10,16,1,28762,1.029861,14,0,0
1013,2019,807,10,13,1,27685,1.032858,15,0,0
1013,2019,815,10,4,1,12150,1.019847,5,0,1
1013,2019,817,10,10,1,22216,1.033546,10,0,0
1013,2019,822,10,1,0,0,1.0,1,0,1
1013,2019,825,10,12,1,27660,1.032686,12,0,0
1013,2019,826,10,19,1,33070,1.044629,6,0,0
1013,2019,830,10,5,1,12258,1.017166,4,0,1
1013,2019,832,10,8,1,17163,1.023467,9,0,1
1013,2019,840,10,9,1,20790,1.027194,13,0,1
1013,2019,841,10,14,1,28044,1.032923,17,0,0
1013,2019,842,10,15,1,28747,1.028342,,1,0
1013,2019,844,10,6,1,14676,1.016427,8,0,1
1013,2019,846,10,7,1,14780,1.021348,7,0,1
1013,2019,847,10,18,1,32063,1.03455,16,0,0
1013,2019,848,10,11,1,23235,1.031181,11,0,0
1013,2019,1,25,2,1,0,1.006249,2,0,1
1013,2019,8,25,16,1,57402,1.021437,,1,1
1013,2019,9,25,15,1,54313,1.038191,,1,0
1013,2019,20,25,5,1,26086,1.0121,3,0,1
1013,2019,154,25,8,1,43299,1.030301,14,0,0
1013,2019,807,25,19,1,63931,1.033935,15,0,0
1013,2019,815,25,9,1,47398,1.034566,5,0,1
1013,2019,817,25,17,1,62204,1.032276,10,0,0
1013,2019,822,25,3,1,1300,1.002225,1,0,1
1013,2019,825,25,14,1,54256,1.028011,12,0,0
1013,2019,826,25,11,1,50787,1.014344,6,0,0
1013,2019,830,25,4,1,10349,1.012897,4,0,1
1013,2019,832,25,7,1,34922,1.030792,9,0,1
1013,2019,840,25,18,1,63294,1.035447,13,0,1
1013,2019,841,25,20,1,64434,1.035085,17,0,0
1013,2019,842,25,6,1,32722,1.011664,,1,0
1013,2019,844,25,1,0,0,1.0,8,0,1
1013,2019,846,25,10,1,47790,1.028725,7,0,1
1013,2019,847,25,12,1,51122,1.032406,16,0,0
1013,2019,848,25,13,1,52668,1.037023,11,0,0
1013,2019,1,50,3,1,6632,1.002358,2,0,1
1013,2019,8,50,14,1,75543,1.016074,,1,1
1013,2019,9,50,20,2,134862,1.041416,,1,0
1013,2019,20,50,4,1,9344,0.995814,3,0,1
1013,2019,154,50,18,1,81893,1.027716,14,0,0
1013,2019,807,50,16,1,79992,1.020474,15,0,0
1013,2019,815,50,7,1,48183,1.00694,5,0,1
1013,2019,817,50,11,1,68486,1.011149,10,0,0
1013,2019,822,50,2,1,3134,1.00066,1,0,1
1013,2019,825,50,13,1,75014,1.018902,12,0,0
1013,2019,826,50,10,1,65235,1.014033,6,0,0
1013,2019,830,50,5,1,17022,1.012577,4,0,1
1013,2019,832,50,9,1,53297,1.019572,9,0,1
1013,2019,840,50,12,1,72636,1.013433,13,0,1
1013,2019,841,50,15,1,79963,1.016977,17,0,0
1013,2019,842,50,6,1,28970,1.004191,,1,0
1013,2019,844,50,1,0,0,1.0,8,0,1
1013,2019,846,50,8,1,50983,1.010474,7,0,1
1013,2019,847,50,19,2,98156,1.038459,16,0,0
1013,2019,848,50,17,1,81708,1.025288,11,0,0
1013,2019,1,75,2,1,1675,0.998196,2,0,1
1013,2019,8,75,10,1,94180,1.021299,,1,1
1013,2019,9,75,17,2,183581,1.046337,,1,0
1013,2019,20,75,3,1,4029,1.000893,3,0,1
1013,2019,154,75,15,2,142641,1.037113,14,0,0
1013,2019,807,75,14,2,131001,1.028457,15,0,0
1013,2019,815,75,6,1,62356,1.012608,5,0,1
1013,2019,822,75,1,0,0,1.0,1,0,1
1013,2019,825,75,13,2,105134,1.026179,12,0,0
1013,2019,830,75,4,1,7386,0.997614,4,0,1
1013,2019,832,75,8,1,64568,1.012326,9,0,1
1013,2019,840,75,9,1,85215,1.017682,13,0,1
1013,2019,841,75,12,1,102740,1.020848,17,0,0
1013,2019,844,75,5,1,30338,1.009376,8,0,1
1013,2019,846,75,7,1,63043,1.012449,7,0,1
1013,2019,847,75,16,2,152969,1.044031,16,0,0
1013,2019,848,75,11,1,102115,1.01989,11,0,0
1014,2019,1,10,1,0,0,1.0,2,0,1
1014,2019,8,10,17,1,30096,1.033437,14,0,0
1014,2019,9,10,19,1,33971,1.052523,17,0,0
1014,2019,20,10,4,1,6493,1.0072,3,0,1
1014,2019,154,10,7,1,13032,1.019412,7,0,1
1014,2019,807,10,16,1,27346,1.033751,,1,0
1014,2019,815,10,13,1,22387,1.028497,15,0,0
1014,2019,817,10,12,1,20533,1.026709,13,0,0
1014,2019,822,10,2,1,2344,1.002887,1,0,1
1014,2019,825,10,8,1,15843,1.021019,8,0,1
1014,2019,826,10,9,1,17289,1.02445,9,0,1
1014,2019,830,10,3,1,4021,1.003805,4,0,1
1014,2019,832,10,11,1,19850,1.025054,12,0,1
1014,2019,840,10,14,1,24300,1.0309,16,0,0
1014,2019,841,10,18,1,30728,1.037424,18,0,0
1014,2019,842,10,6,1,9652,1.010304,6,0,1
1014,2019,844,10,5,1,7440,1.00598,5,0,1
1014,2019,846,10,15,1,25494,1.032302,10,0,0
1014,2019,847,10,20,1,35380,1.047486,19,0,0
1014,2019,848,10,10,1,18777,1.026443,11,0,0
1014,2019,1,25,1,0,0,1.0,2,0,1
1014,2019,8,25,17,1,55460,1.028923,14,0,0
1014,2019,9,25,19,1,76997,1.049335,17,0,0
1014,2019,20,25,5,1,19680,1.013422,3,0,1
1014,2019,154,25,7,1,32969,1.02237,7,0,1
1014,2019,807,25,15,1,51851,1.027452,,1,0
1014,2019,815,25,13,1,45603,1.029749,15,0,0
1014,2019,817,25,12,1,43851,1.028558,13,0,0
1014,2019,822,25,2,1,4021,1.000511,1,0,1
1014,2019,825,25,8,1,36769,1.02547,8,0,1
1014,2019,826,25,9,1,38307,1.02474,9,0,1
1014,2019,830,25,3,1,10405,1.006674,4,0,1
1014,2019,832,25,11,1,42516,1.027366,12,0,1
1014,2019,840,25,14,1,51264,1.035731,16,0,0
1014,2019,841,25,20,1,78724,1.035354,18,0,0
1014,2019,842,25,6,1,22527,1.014212,6,0,1
1014,2019,844,25,4,1,15461,1.009167,5,0,1
1014,2019,846,25,16,1,53675,1.032655,10,0,0
1014,2019,847,25,18,1,74392,1.046879,19,0,0
1014,2019,848,25,10,1,39820,1.024218,11,0,0
1014,2019,1,50,1,0,0,1.0,2,0,1
1014,2019,8,50,17,2,89582,1.028139,14,0,0
1014,2019,9,50,20,2,133382,1.055768,17,0,0
1014,2019,20,50,5,1,24466,1.01045,3,0,1
1014,2019,154,50,7,1,50474,1.019721,7,0,1
1014,2019,807,50,8,1,57450,1.025213,,1,0
1014,2019,815,50,14,1,73654,1.024933,15,0,0
1014,2019,817,50,13,1,71418,1.026513,13,0,0
1014,2019,822,50,2,1,8608,1.001397,1,0,1
1014,2019,825,50,9,1,58038,1.02051,8,0,1
1014,2019,826,50,10,1,58844,1.022637,9,0,1
1014,2019,830,50,3,1,13325,1.00497,4,0,1
1014,2019,832,50,12,1,69688,1.025286,12,0,1
1014,2019,840,50,15,1,75368,1.025626,16,0,0
1014,2019,841,50,18,2,104168,1.034682,18,0,0
1014,2019,842,50,6,1,38968,1.013645,6,0,1
1014,2019,844,50,4,1,23725,1.007691,5,0,1
1014,2019,846,50,16,1,77100,1.027193,10,0,0
1014,2019,847,50,19,2,119347,1.048545,19,0,0
1014,2019,848,50,11,1,62576,1.02271,11,0,0
1014,2019,1,75,1,0,0,1.0,2,0,1
1014,2019,8,75,15,1,121022,1.02823,14,0,0
1014,2019,9,75,18,2,259371,1.058242,17,0,0
1014,2019,20,75,4,1,10625,1.009189,3,0,1
1014,2019,154,75,7,1,17879,1.018475,7,0,1
1014,2019,807,75,12,1,112722,1.025817,,1,0
1014,2019,815,75,14,1,116412,1.02493,15,0,0
1014,2019,817,75,13,1,113777,1.024601,13,0,0
1014,2019,822,75,2,1,7158,1.000316,1,0,1
1014,2019,825,75,8,1,18984,1.020347,8,0,1
1014,2019,826,75,9,1,20732,1.021216,9,0,1
1014,2019,830,75,3,1,7803,1.004674,4,0,1
1014,2019,832,75,10,1,22741,1.024644,12,0,1
1014,2019,841,75,16,1,126847,1.038166,18,0,0
1014,2019,842,75,6,1,16666,1.012185,6,0,1
1014,2019,844,75,5,1,13372,1.007621,5,0,1
1014,2019,847,75,17,2,252266,1.050158,19,0,0
1014,2019,848,75,11,1,110833,1.021824,11,0,0
1015,2019,1,10,1,0,0,1.0,1,0,1
1015,2019,8,10,17,1,33617,1.040983,14,0,0
1015,2019,9,10,18,1,36987,1.041563,20,0,0
1015,2019,20,10,4,1,4715,1.002458,4,0,1
1015,2019,154,10,13,1,30496,1.038343,13,0,1
1015,2019,807,10,11,1,28506,1.038584,11,0,0
1015,2019,815,10,16,1,32970,1.040944,16,0,0
1015,2019,817,10,5,1,21788,1.036817,6,0,1
1015,2019,822,10,2,1,1388,1.000326,2,0,1
1015,2019,825,10,6,1,22820,1.037469,5,0,0
1015,2019,826,10,9,1,26504,1.038434,7,0,1
1015,2019,830,10,3,1,2959,0.999524,3,0,1
1015,2019,832,10,8,1,25741,1.038232,9,0,1
1015,2019,840,10,15,1,32187,1.039588,17,0,0
1015,2019,841,10,19,1,37741,1.04706,18,0,0
1015,2019,842,10,7,1,24589,1.038427,8,0,1
1015,2019,844,10,12,1,29594,1.038949,15,0,0
1015,2019,846,10,14,1,31329,1.0414,12,0,0
1015,2019,847,10,20,1,39754,1.04822,19,0,0
1015,2019,848,10,10,1,27590,1.037495,10,0,1
1015,2019,1,25,1,0,0,1.0,1,0,1
1015,2019,8,25,12,1,14422,1.035977,14,0,0
1015,2019,9,25,18,1,38799,1.036368,20,0,0
1015,2019,20,25,3,1,1610,1.003437,4,0,1
1015,2019,154,25,9,1,9791,1.030058,13,0,1
1015,2019,807,25,16,1,18960,1.029943,11,0,0
1015,2019,815,25,15,1,16334,1.027897,16,0,0
1015,2019,817,25,13,1,15131,1.029429,6,0,1
1015,2019,822,25,4,1,2378,1.000699,2,0,1
1015,2019,825,25,14,1,15597,1.030943,5,0,0
1015,2019,826,25,7,1,6198,1.02671,7,0,1
1015,2019,830,25,2,1,860,1.002597,3,0,1
1015,2019,832,25,6,1,5114,1.024338,9,0,1
1015,2019,840,25,11,1,13823,1.036061,17,0,0
1015,2019,841,25,19,1,39118,1.036926,18,0,0
1015,2019,842,25,5,1,3755,1.022952,8,0,1
1015,2019,846,25,10,1,13031,1.037779,12,0,0
1015,2019,847,25,17,1,25730,1.034194,19,0,0
1015,2019,848,25,8,1,8084,1.028365,10,0,1
1015,2019,1,50,1,0,0,1.0,1,0,1
1015,2019,8,50,12,1,50695,1.031889,14,0,0
1015,2019,9,50,19,1,74493,1.027061,20,0,0
1015,2019,20,50,3,1,2338,1.001957,4,0,1
1015,2019,154,50,6,1,14260,1.01917,13,0,1
1015,2019,807,50,16,1,56392,1.025671,11,0,0
1015,2019,815,50,15,1,55321,1.029443,16,0,0
1015,2019,817,50,13,1,53060,1.029417,6,0,1
1015,2019,822,50,4,1,4028,1.000193,2,0,1
1015,2019,825,50,14,1,54359,1.027345,5,0,0
1015,2019,826,50,9,1,26592,1.019363,7,0,1
1015,2019,830,50,2,1,825,0.999794,3,0,1
1015,2019,832,50,8,1,25530,1.01823,9,0,1
1015,2019,840,50,11,1,49881,1.032636,17,0,0
1015,2019,841,50,18,1,61155,1.025813,18,0,0
1015,2019,842,50,7,1,20363,1.017444,8,0,1
1015,2019,846,50,10,1,41859,1.029508,12,0,0
1015,2019,847,50,17,1,59386,1.028143,19,0,0
1015,2019,848,50,5,1,12653,1.017959,10,0,1
1015,2019,1,75,1,0,0,1.0,1,0,1
1015,2019,8,75,17,2,104912,1.029048,14,0,0
1015,2019,9,75,18,2,123033,1.025838,20,0,0
1015,2019,20,75,3,1,1904,1.000632,4,0,1
1015,2019,154,75,9,1,40289,1.011718,13,0,1
1015,2019,807,75,14,2,84294,1.025103,11,0,0
1015,2019,815,75,13,2,83101,1.023466,16,0,0
1015,2019,817,75,10,1,70906,1.026065,6,0,1
1015,2019,822,75,4,1,3599,0.999729,2,0,1
1015,2019,825,75,12,1,75624,1.025421,5,0,0
1015,2019,826,75,7,1,38160,1.014412,7,0,1
1015,2019,830,75,2,1,787,0.999845,3,0,1
1015,2019,832,75,6,1,36765,1.012981,9,0,1
1015,2019,840,75,16,2,102673,1.029421,17,0,0
1015,2019,841,75,19,2,124546,1.028036,18,0,0
1015,2019,842,75,5,1,16585,1.00495,8,0,1
1015,2019,846,75,11,1,72970,1.021747,12,0,0
1015,2019,847,75,15,2,101842,1.027681,19,0,0
1015,2019,848,75,8,1,39224,1.012156,10,0,1
1016,2019,1,10,2,1,2221,0.999974,2,0,1
1016,2019,8,10,19,1,44135,1.031158,16,0,0
1016,2019,9,10,18,1,36187,1.064139,19,0,0
1016,2019,20,10,1,0,0,1.0,1,0,1
1016,2019,154,10,14,1,29219,1.041857,14,0,0
1016,2019,807,10,6,1,12182,1.014642,7,0,1
1016,2019,815,10,11,1,20918,1.026681,15,0,0
1016,2019,817,10,4,1,9625,1.014707,4,0,1
1016,2019,822,10,7,1,12764,1.017193,6,0,1
1016,2019,825,10,16,1,30929,1.035948,,1,0
1016,2019,826,10,10,1,19907,1.030065,10,0,1
1016,2019,830,10,8,1,14547,1.014174,9,0,1
1016,2019,832,10,17,1,35139,1.040647,11,0,0
1016,2019,840,10,12,1,22164,1.0281,17,0,1
1016,2019,841,10,13,1,23036,1.026681,12,0,0
1016,2019,842,10,5,1,10930,1.015774,5,0,1
1016,2019,844,10,3,1,4546,1.002291,3,0,1
1016,2019,846,10,9,1,15320,1.021046,8,0,0
1016,2019,847,10,15,1,29630,1.046022,18,0,0
1016,2019,848,10,20,1,61272,1.034243,13,0,0
1016,2019,1,25,2,1,2449,1.000365,2,0,1
1016,2019,8,25,15,1,64384,1.024555,16,0,0
1016,2019,9,25,19,2,93489,1.056147,19,0,0
1016,2019,20,25,1,0,0,1.0,1,0,1
1016,2019,154,25,12,1,52812,1.02865,14,0,0
1016,2019,807,25,7,1,40416,1.014175,7,0,1
1016,2019,815,25,14,1,60647,1.027758,15,0,0
1016,2019,817,25,6,1,36911,1.014931,4,0,1
1016,2019,822,25,4,1,22515,1.013362,6,0,1
1016,2019,825,25,16,1,67729,1.039889,,1,0
1016,2019,826,25,13,1,59454,1.029875,10,0,1
1016,2019,830,25,5,1,23188,1.013498,9,0,1
1016,2019,832,25,11,1,50804,1.019118,11,0,0
1016,2019,840,25,8,1,42105,1.026769,17,0,1
1016,2019,841,25,10,1,46207,1.027211,12,0,0
1016,2019,842,25,9,1,42689,1.017392,5,0,1
1016,2019,844,25,3,1,6636,1.002976,3,0,1
1016,2019,847,25,17,2,74462,1.046146,18,0,0
1016,2019,848,25,18,2,84841,1.032383,13,0,0
1016,2019,1,50,2,1,3099,1.000612,2,0,1
1016,2019,8,50,13,1,69773,1.018659,16,0,0
1016,2019,9,50,19,2,131170,1.046175,19,0,0
1016,2019,20,50,1,0,0,1.0,1,0,1
1016,2019,154,50,14,2,66455,1.026684,14,0,0
1016,2019,807,50,7,1,34010,1.01125,7,0,1
1016,2019,815,50,12,1,64983,1.020091,15,0,0
1016,2019,817,50,5,1,27504,1.005221,4,0,1
1016,2019,822,50,6,1,27832,1.00707,6,0,1
1016,2019,825,50,16,2,94503,1.036312,,1,0
1016,2019,826,50,11,1,59842,1.015339,10,0,1
1016,2019,830,50,3,1,13475,1.007149,9,0,1
1016,2019,832,50,10,1,49631,1.011706,11,0,0
1016,2019,840,50,8,1,37412,1.013034,17,0,1
1016,2019,841,50,15,2,75837,1.019888,12,0,0
1016,2019,842,50,9,1,39522,1.012604,5,0,1
1016,2019,844,50,4,1,14505,1.001979,3,0,1
1016,2019,847,50,18,2,100772,1.027784,18,0,0
1016,2019,848,50,17,2,96360,1.023266,13,0,0
1016,2019,1,75,2,1,1370,1.000548,2,0,1
1016,2019,8,75,13,2,100375,1.015635,16,0,0
1016,2019,9,75,19,3,208708,1.040154,19,0,0
1016,2019,20,75,1,0,0,1.0,1,0,1
1016,2019,154,75,15,2,120235,1.02465,14,0,0
1016,2019,807,75,7,1,51799,1.006471,7,0,1
1016,2019,815,75,12,2,91687,1.016633,15,0,0
1016,2019,817,75,6,1,50249,1.005179,4,0,1
1016,2019,822,75,4,1,34915,1.004618,6,0,1
1016,2019,825,75,18,3,159158,1.036567,,1,0
1016,2019,826,75,11,2,82091,1.013887,10,0,1
1016,2019,830,75,5,1,49437,1.005714,9,0,1
1016,2019,832,75,9,1,73766,1.011076,11,0,0
1016,2019,840,75,10,2,79432,1.009608,17,0,1
1016,2019,841,75,14,2,116492,1.018512,12,0,0
1016,2019,842,75,8,1,58761,1.008375,5,0,1
1016,2019,844,75,3,1,11371,1.001383,3,0,1
1016,2019,847,75,17,2,146531,1.027174,18,0,0
1016,2019,848,75,16,2,139957,1.02161,13,0,0
1017,2019,1,10,1,0,0,1.0,1,0,1
1017,2019,8,10,11,1,18628,1.02602,12,0,1
1017,2019,9,10,19,1,31161,1.04857,18,0,0
1017,2019,20,10,6,1,13595,1.020493,7,0,1
1017,2019,154,10,17,1,24772,1.02557,16,0,0
1017,2019,807,10,12,1,19436,1.02673,13,0,1
1017,2019,815,10,13,1,20100,1.026554,14,0,0
1017,2019,817,10,10,1,18176,1.026409,8,0,0
1017,2019,822,10,2,1,1985,1.001533,2,0,1
1017,2019,825,10,14,1,21049,1.025678,15,0,0
1017,2019,826,10,18,1,26329,1.029051,19,0,0
1017,2019,830,10,4,1,6176,1.006817,4,0,1
1017,2019,832,10,5,1,12144,1.01838,6,0,1
1017,2019,840,10,15,1,21645,1.02673,17,0,0
1017,2019,841,10,9,1,17688,1.025678,10,0,0
1017,2019,842,10,8,1,16532,1.025539,9,0,1
1017,2019,844,10,3,1,4222,1.005217,3,0,1
1017,2019,846,10,7,1,15537,1.025565,5,0,1
1017,2019,847,10,20,1,31838,1.047104,20,0,0
1017,2019,848,10,16,1,22263,1.027585,11,0,0
1017,2019,1,25,1,0,0,1.0,1,0,1
1017,2019,8,25,10,1,36309,1.023927,12,0,1
1017,2019,9,25,18,1,62707,1.042351,18,0,0
1017,2019,20,25,5,1,17127,1.005498,7,0,1
1017,2019,154,25,17,1,47717,1.027904,16,0,0
1017,2019,807,25,11,1,37663,1.025402,13,0,1
1017,2019,815,25,12,1,39167,1.02769,14,0,0
1017,2019,817,25,9,1,34320,1.021285,8,0,0
1017,2019,822,25,2,1,2727,1.001293,2,0,1
1017,2019,825,25,14,1,45632,1.030583,15,0,0
1017,2019,826,25,16,1,46789,1.024949,19,0,0
1017,2019,830,25,4,1,10546,1.005608,4,0,1
1017,2019,832,25,6,1,27879,1.020029,6,0,1
1017,2019,840,25,13,1,43325,1.028852,17,0,0
1017,2019,841,25,20,1,65707,1.029978,10,0,0
1017,2019,842,25,8,1,33680,1.022093,9,0,1
1017,2019,844,25,3,1,7544,1.004972,3,0,1
1017,2019,846,25,7,1,29514,1.017866,5,0,1
1017,2019,847,25,19,1,63944,1.04233,20,0,0
1017,2019,848,25,15,1,46089,1.030838,11,0,0
1017,2019,1,50,1,0,0,1.0,1,0,1
1017,2019,8,50,6,1,39168,1.020902,12,0,1
1017,2019,9,50,20,2,119584,1.046903,18,0,0
1017,2019,20,50,5,1,27238,1.005707,7,0,1
1017,2019,154,50,12,1,59171,1.031551,16,0,0
1017,2019,807,50,7,1,40002,1.019341,13,0,1
1017,2019,815,50,15,1,68840,1.020493,14,0,0
1017,2019,817,50,13,1,60163,1.021792,8,0,0
1017,2019,822,50,2,1,11916,1.003623,2,0,1
1017,2019,825,50,18,1,90555,1.03529,15,0,0
1017,2019,826,50,11,1,57000,1.027761,19,0,0
1017,2019,830,50,4,1,22184,1.008063,4,0,1
1017,2019,832,50,9,1,52966,1.019624,6,0,1
1017,2019,840,50,8,1,43650,1.019509,17,0,0
1017,2019,841,50,16,1,76786,1.028577,10,0,0
1017,2019,842,50,14,1,62283,1.022546,9,0,1
1017,2019,844,50,3,1,14828,1.00355,3,0,1
1017,2019,846,50,10,1,54999,1.018975,5,0,1
1017,2019,847,50,19,2,111155,1.042055,20,0,0
1017,2019,848,50,17,1,77924,1.031352,11,0,0
1017,2019,1,75,1,0,0,1.0,1,0,1
1017,2019,8,75,9,1,87555,1.022909,12,0,1
1017,2019,9,75,19,2,168792,1.046354,18,0,0
1017,2019,20,75,5,1,34676,1.007119,7,0,1
1017,2019,154,75,16,2,119461,1.033295,16,0,0
1017,2019,807,75,10,1,88796,1.022488,13,0,1
1017,2019,815,75,13,2,92077,1.020067,14,0,0
1017,2019,817,75,8,1,85040,1.020783,8,0,0
1017,2019,822,75,2,1,12893,1.004504,2,0,1
1017,2019,825,75,17,2,126418,1.035694,15,0,0
1017,2019,826,75,15,2,109788,1.028065,19,0,0
1017,2019,830,75,4,1,26844,1.009629,4,0,1
1017,2019,832,75,6,1,78911,1.021815,6,0,1
1017,2019,840,75,12,2,73011,1.020878,17,0,0
1017,2019,841,75,18,2,132451,1.031706,10,0,0
1017,2019,842,75,11,1,91650,1.022893,9,0,1
1017,2019,844,75,3,1,20096,1.006019,3,0,1
1017,2019,846,75,7,1,80869,1.020205,5,0,1
1017,2019,847,75,20,3,191831,1.046924,20,0,0
1017,2019,848,75,14,2,105559,1.026129,11,0,0
1018,2019,1,10,3,1,5053,1.005353,4,0,1
1018,2019,8,10,5,1,12324,1.019047,6,0,1
1018,2019,9,10,20,1,33121,1.053655,17,0,0
1018,2019,20,10,4,1,10110,1.010568,9,0,1
1018,2019,154,10,16,1,26433,1.038512,11,0,0
1018,2019,807,10,11,1,21300,1.030242,15,0,0
1018,2019,815,10,10,1,19117,1.025192,13,0,0
1018,2019,817,10,13,1,23803,1.037496,12,0,0
1018,2019,822,10,2,1,2587,1.003343,3,0,1
1018,2019,825,10,14,1,25261,1.047272,10,0,0
1018,2019,826,10,19,1,29954,1.043173,16,0,0
1018,2019,830,10,6,1,13211,1.021792,2,0,1
1018,2019,832,10,15,1,25801,1.038793,19,0,1
1018,2019,840,10,12,1,22586,1.03499,14,0,0
1018,2019,841,10,9,1,17220,1.023528,7,0,1
1018,2019,842,10,8,1,15786,1.022851,8,0,1
1018,2019,844,10,1,0,0,1.0,1,0,1
1018,2019,846,10,7,1,14783,1.02347,5,0,1
1018,2019,847,10,18,1,29290,1.039146,,1,0
1018,2019,848,10,17,1,27017,1.035659,18,0,0
1018,2019,1,25,3,1,6015,1.00343,4,0,1
1018,2019,8,25,7,1,25851,1.018568,6,0,1
1018,2019,9,25,19,1,60050,1.04166,17,0,0
1018,2019,20,25,4,1,9526,1.001086,9,0,1
1018,2019,154,25,16,1,47360,1.034087,11,0,0
1018,2019,807,25,11,1,33178,1.019604,15,0,0
1018,2019,815,25,10,1,30881,1.019935,13,0,0
1018,2019,817,25,13,1,36366,1.021344,12,0,0
1018,2019,822,25,2,1,3713,1.001582,3,0,1
1018,2019,825,25,20,2,85518,1.046586,10,0,0
1018,2019,826,25,17,1,51988,1.03682,16,0,0
1018,2019,830,25,5,1,14246,1.004034,2,0,1
1018,2019,832,25,14,1,38272,1.022272,19,0,1
1018,2019,840,25,12,1,34848,1.021128,14,0,0
1018,2019,841,25,9,1,29172,1.020014,7,0,1
1018,2019,842,25,8,1,26511,1.018949,8,0,1
1018,2019,844,25,1,0,0,1.0,1,0,1
1018,2019,846,25,6,1,24466,1.018122,5,0,1
1018,2019,847,25,18,1,54863,1.037345,,1,0
1018,2019,848,25,15,1,42913,1.030564,18,0,0
1018,2019,1,50,5,1,20557,1.003975,4,0,1
1018,2019,8,50,10,1,45671,1.017025,6,0,1
1018,2019,9,50,20,2,105276,1.041994,17,0,0
1018,2019,20,50,3,1,9637,0.999517,9,0,1
1018,2019,154,50,16,2,62240,1.026542,11,0,0
1018,2019,807,50,13,1,51873,1.018271,15,0,0
1018,2019,815,50,12,1,49698,1.018055,13,0,0
1018,2019,817,50,7,1,38978,1.017515,12,0,0
1018,2019,822,50,2,1,4528,1.001318,3,0,1
1018,2019,825,50,19,2,94189,1.034203,10,0,0
1018,2019,826,50,17,2,84036,1.027348,16,0,0
1018,2019,830,50,4,1,13079,1.000158,2,0,1
1018,2019,832,50,6,1,34718,1.014519,19,0,1
1018,2019,840,50,14,1,53707,1.018998,14,0,0
1018,2019,841,50,11,1,48190,1.017515,7,0,1
1018,2019,842,50,9,1,42264,1.019149,8,0,1
1018,2019,844,50,1,0,0,1.0,1,0,1
1018,2019,846,50,8,1,40629,1.012812,5,0,1
1018,2019,847,50,18,2,86754,1.035514,,1,0
1018,2019,848,50,15,1,54396,1.017486,18,0,0
1018,2019,1,75,4,1,19894,1.00229,4,0,1
1018,2019,8,75,9,1,64836,1.016121,6,0,1
1018,2019,9,75,20,3,162788,1.04467,17,0,0
1018,2019,20,75,5,1,26484,0.996995,9,0,1
1018,2019,154,75,16,2,97240,1.024975,11,0,0
1018,2019,807,75,12,2,67851,1.016857,15,0,0
1018,2019,815,75,11,1,67436,1.016908,13,0,0
1018,2019,817,75,14,2,84614,1.019977,12,0,0
1018,2019,822,75,2,1,4405,1.000426,3,0,1
1018,2019,825,75,19,2,117669,1.017406,10,0,0
1018,2019,826,75,17,2,102478,1.026044,16,0,0
1018,2019,830,75,3,1,5446,0.999921,2,0,1
1018,2019,832,75,8,1,63254,1.014105,19,0,1
1018,2019,840,75,13,2,77147,1.019544,14,0,0
1018,2019,841,75,10,1,66407,1.014214,7,0,1
1018,2019,842,75,7,1,57407,1.014618,8,0,1
1018,2019,844,75,1,0,0,1.0,1,0,1
1018,2019,846,75,6,1,55324,1.012545,5,0,1
1018,2019,847,75,18,2,114668,1.027488,,1,0
1018,2019,848,75,15,2,85486,1.019486,18,0,0
1019,2019,1,10,2,1,1345,1.001697,2,0,1
1019,2019,8,10,13,1,16698,1.02429,12,0,1
1019,2019,9,10,18,1,24663,1.036726,20,0,0
1019,2019,20,10,5,1,4223,1.00185,6,0,0
1019,2019,154,10,19,1,79919,1.050833,14,0,0
1019,2019,807,10,9,1,11445,1.012693,10,0,1
1019,2019,815,10,12,1,15950,1.017026,15,0,0
1019,2019,817,10,8,1,10378,1.012098,7,0,1
1019,2019,822,10,1,0,0,1.0,1,0,1
1019,2019,825,10,20,2,118228,1.19902,16,0,0
1019,2019,826,10,15,1,18725,1.02531,17,0,1
1019,2019,830,10,4,1,3679,1.003307,4,0,1
1019,2019,832,10,11,1,13753,1.016377,13,0,1
1019,2019,840,10,14,1,17409,1.021201,18,0,0
1019,2019,841,10,16,1,20372,1.035984,11,0,0
1019,2019,842,10,6,1,5184,1.002423,5,0,1
1019,2019,844,10,3,1,2907,1.00286,3,0,1
1019,2019,846,10,7,1,9513,1.011755,8,0,0
1019,2019,847,10,17,1,21369,1.031155,19,0,0
1019,2019,848,10,10,1,12093,1.012115,9,0,0
1019,2019,1,25,2,1,931,0.999714,2,0,1
1019,2019,8,25,13,1,30373,1.026667,12,0,1
1019,2019,9,25,18,1,46497,1.035918,20,0,0
1019,2019,20,25,6,1,10556,1.008043,6,0,0
1019,2019,807,25,10,1,25536,1.020755,10,0,1
1019,2019,815,25,12,1,29491,1.022524,15,0,0
1019,2019,817,25,8,1,20650,1.016547,7,0,1
1019,2019,822,25,1,0,0,1.0,1,0,1
1019,2019,826,25,15,1,32426,1.023359,17,0,1
1019,2019,830,25,4,1,8324,1.007087,4,0,1
1019,2019,832,25,11,1,26177,1.020623,13,0,1
1019,2019,840,25,14,1,31347,1.023052,18,0,0
1019,2019,841,25,16,1,36009,1.027139,11,0,0
1019,2019,842,25,5,1,9478,1.007065,5,0,1
1019,2019,844,25,3,1,7643,1.007076,3,0,1
1019,2019,846,25,7,1,20528,1.017195,8,0,0
1019,2019,847,25,17,1,41600,1.032808,19,0,0
1019,2019,848,25,9,1,24820,1.019107,9,0,0
1019,2019,1,50,1,0,0,1.0,2,0,1
1019,2019,8,50,11,1,12813,1.027238,12,0,1
1019,2019,9,50,16,1,18964,1.039483,20,0,0
1019,2019,20,50,3,1,5459,1.008711,6,0,0
1019,2019,807,50,12,1,14199,1.021319,10,0,1
1019,2019,815,50,17,1,55197,1.02355,15,0,0
1019,2019,817,50,9,1,11837,1.01762,7,0,1
1019,2019,822,50,2,1,1297,0.999384,1,0,1
1019,2019,826,50,14,1,14632,1.024265,17,0,1
1019,2019,830,50,5,1,7690,1.008568,4,0,1
1019,2019,832,50,7,1,10446,1.021374,13,0,1
1019,2019,840,50,13,1,14356,1.025227,18,0,0
1019,2019,842,50,4,1,6955,1.010135,5,0,1
1019,2019,844,50,6,1,9409,1.009475,3,0,1
1019,2019,846,50,8,1,11261,1.019,8,0,0
1019,2019,847,50,15,1,16945,1.036169,19,0,0
1019,2019,848,50,10,1,12254,1.020379,9,0,0
1019,2019,1,75,1,0,0,1.0,2,0,1
1019,2019,8,75,9,1,39720,1.020527,12,0,1
1019,2019,9,75,16,1,63684,1.036319,20,0,0
1019,2019,20,75,14,1,56363,1.008733,6,0,0
1019,2019,807,75,10,1,40672,1.019701,10,0,1
1019,2019,815,75,17,1,80264,1.020505,15,0,0
1019,2019,817,75,7,1,34108,1.014702,7,0,1
1019,2019,822,75,2,1,2120,0.998062,1,0,1
1019,2019,826,75,12,1,43461,1.022939,17,0,1
1019,2019,830,75,5,1,27795,1.00642,4,0,1
1019,2019,832,75,6,1,32603,1.01904,13,0,1
1019,2019,840,75,11,1,42565,1.020285,18,0,0
1019,2019,842,75,4,1,20076,1.009008,5,0,1
1019,2019,844,75,3,1,19154,1.007191,3,0,1
1019,2019,846,75,13,1,54621,1.017344,8,0,0
1019,2019,847,75,15,1,60432,1.031881,19,0,0
1019,2019,848,75,8,1,39018,1.019481,9,0,0
1020,2019,1,10,1,0,0,1.0,1,0,1
1020,2019,8,10,7,1,14267,1.039611,5,0,0
1020,2019,9,10,17,1,29108,1.165498,18,0,1
1020,2019,20,10,8,1,16906,1.133668,20,0,1
1020,2019,154,10,15,1,26459,1.088967,6,0,1
1020,2019,807,10,5,1,10393,1.032211,9,0,0
1020,2019,817,10,16,1,27112,1.152639,13,0,0
1020,2019,822,10,2,1,1478,1.016417,3,0,0
1020,2019,825,10,6,1,13759,1.130817,12,0,1
1020,2019,826,10,18,1,29244,1.144753,14,0,1
1020,2019,830,10,3,1,3201,1.012278,2,0,1
1020,2019,832,10,10,1,18746,1.125813,7,0,1
1020,2019,840,10,9,1,18568,1.147181,15,0,1
1020,2019,841,10,12,1,23974,1.133889,11,0,0
1020,2019,842,10,19,1,29553,1.100011,4,0,0
1020,2019,844,10,4,1,8630,1.053072,10,0,0
1020,2019,846,10,13,1,25471,1.143148,19,0,0
1020,2019,847,10,14,1,26225,1.165709,17,0,0
1020,2019,848,10,11,1,21321,1.14754,16,0,1
1020,2019,1,25,1,0,0,1.0,1,0,1
1020,2019,8,25,6,1,40172,1.026172,5,0,0
1020,2019,9,25,18,2,101097,1.15404,18,0,1
1020,2019,20,25,7,1,44968,1.043902,20,0,1
1020,2019,154,25,11,1,63893,1.040344,6,0,1
1020,2019,807,25,5,1,29276,1.01536,9,0,0
1020,2019,822,25,2,1,5324,1.004144,3,0,0
1020,2019,825,25,15,1,75401,1.087606,12,0,1
1020,2019,826,25,13,1,70076,1.051599,14,0,1
1020,2019,830,25,3,1,7857,1.004757,2,0,1
1020,2019,832,25,8,1,48440,1.042123,7,0,1
1020,2019,840,25,16,1,80710,1.100811,15,0,1
1020,2019,841,25,10,1,55794,1.036858,11,0,0
1020,2019,842,25,12,1,68337,1.056052,4,0,0
1020,2019,844,25,4,1,16720,1.008266,10,0,0
1020,2019,846,25,14,1,73804,1.071821,19,0,0
1020,2019,847,25,17,1,94700,1.130188,17,0,0
1020,2019,848,25,9,1,52401,1.041405,16,0,1
1020,2019,1,50,5,1,7038,0.994364,1,0,1
1020,2019,8,50,7,1,9370,1.011396,5,0,0
1020,2019,9,50,15,1,118120,1.106699,18,0,1
1020,2019,20,50,8,1,10353,1.022214,20,0,1
1020,2019,154,50,13,1,82292,1.019242,6,0,1
1020,2019,807,50,2,1,809,1.01506,9,0,0
1020,2019,822,50,3,1,3611,1.000702,3,0,0
1020,2019,825,50,12,1,41155,1.048562,12,0,1
1020,2019,826,50,11,1,32536,1.021793,14,0,1
1020,2019,830,50,1,0,0,1.0,2,0,1
1020,2019,832,50,6,1,7835,1.019096,7,0,1
1020,2019,840,50,16,1,124121,1.046379,15,0,1
1020,2019,841,50,10,1,16143,1.014195,11,0,0
1020,2019,842,50,9,1,12725,1.014012,4,0,0
1020,2019,847,50,14,1,112003,1.096654,17,0,0
1020,2019,848,50,4,1,4965,1.006398,16,0,1
1020,2019,1,75,2,1,0,0.994364,1,0,1
1020,2019,8,75,3,1,2834,1.016157,5,0,0
1020,2019,9,75,15,1,32864,1.064935,18,0,1
1020,2019,20,75,4,1,3527,1.022214,20,0,1
1020,2019,154,75,14,1,22653,1.022771,6,0,1
1020,2019,822,75,8,1,12851,1.000702,3,0,0
1020,2019,825,75,11,1,15578,1.051005,12,0,1
1020,2019,826,75,7,1,8794,1.024068,14,0,1
1020,2019,830,75,1,0,0,1.0,2,0,1
1020,2019,832,75,10,1,14069,1.023749,7,0,1
1020,2019,840,75,5,1,3694,1.022971,15,0,1
1020,2019,841,75,6,1,6901,1.014195,11,0,0
1020,2019,842,75,12,1,17540,1.016994,4,0,0
1020,2019,847,75,9,1,13179,1.065546,17,0,0
1020,2019,848,75,13,1,18060,1.011348,16,0,1
1021,2019,1,10,2,1,2387,1.000049,3,0,1
1021,2019,8,10,7,1,22317,1.0363,10,0,1
1021,2019,9,10,19,1,35897,1.047943,19,0,0
1021,2019,20,10,4,1,8993,1.008182,5,0,1
1021,2019,154,10,9,1,24654,1.038159,9,0,0
1021,2019,807,10,10,1,25632,1.036936,11,0,0
1021,2019,815,10,11,1,26616,1.039235,16,0,0
1021,2019,817,10,18,1,32666,1.042232,20,0,0
1021,2019,822,10,20,1,49224,1.03674,2,0,1
1021,2019,825,10,15,1,30208,1.040324,14,0,0
1021,2019,826,10,14,1,29315,1.040911,13,0,0
1021,2019,830,10,1,0,0,1.0,1,0,1
1021,2019,832,10,5,1,20239,1.035493,8,0,1
1021,2019,840,10,16,1,31523,1.040385,18,0,0
1021,2019,841,10,17,1,32139,1.044617,17,0,0
1021,2019,842,10,8,1,23064,1.0363,6,0,1
1021,2019,844,10,3,1,7502,1.010274,4,0,1
1021,2019,846,10,6,1,21708,1.035138,7,0,1
1021,2019,847,10,13,1,28673,1.039553,15,0,0
1021,2019,848,10,12,1,27434,1.039321,12,0,1
1021,2019,1,25,2,1,1852,0.999908,3,0,1
1021,2019,8,25,7,1,43549,1.023805,10,0,1
1021,2019,9,25,17,1,77390,1.046074,19,0,0
1021,2019,20,25,4,1,18868,1.010605,5,0,1
1021,2019,154,25,9,1,55055,1.035175,9,0,0
1021,2019,807,25,10,1,56095,1.035004,11,0,0
1021,2019,815,25,11,1,57190,1.035243,16,0,0
1021,2019,817,25,15,1,63181,1.038935,20,0,0
1021,2019,822,25,16,1,63819,1.029114,2,0,1
1021,2019,825,25,14,1,61291,1.037655,14,0,0
1021,2019,826,25,13,1,58950,1.034533,13,0,0
1021,2019,830,25,1,0,0,1.0,1,0,1
1021,2019,832,25,5,1,40305,1.023873,8,0,1
1021,2019,840,25,19,2,71314,1.04678,18,0,0
1021,2019,841,25,20,2,90538,1.047404,17,0,0
1021,2019,842,25,8,1,45231,1.026781,6,0,1
1021,2019,844,25,3,1,15963,1.010323,4,0,1
1021,2019,846,25,6,1,42546,1.024148,7,0,1
1021,2019,847,25,18,2,69819,1.042701,15,0,0
1021,2019,848,25,12,1,58348,1.035653,12,0,1
1021,2019,1,50,2,1,828,0.999181,3,0,1
1021,2019,8,50,7,1,61231,1.019527,10,0,1
1021,2019,9,50,20,2,116964,1.042438,19,0,0
1021,2019,20,50,3,1,19817,1.011169,5,0,1
1021,2019,154,50,16,2,89244,1.031404,9,0,0
1021,2019,807,50,8,1,64906,1.029609,11,0,0
1021,2019,815,50,13,1,75670,1.029939,16,0,0
1021,2019,817,50,12,1,73020,1.026517,20,0,0
1021,2019,822,50,10,1,69268,1.020053,2,0,1
1021,2019,825,50,11,1,71635,1.029022,14,0,0
1021,2019,826,50,14,1,77434,1.027263,13,0,0
1021,2019,830,50,1,0,0,1.0,1,0,1
1021,2019,832,50,5,1,56395,1.018049,8,0,1
1021,2019,840,50,18,2,104984,1.036964,18,0,0
1021,2019,841,50,19,2,105737,1.036359,17,0,0
1021,2019,842,50,6,1,57252,1.019576,6,0,1
1021,2019,844,50,4,1,28233,1.009568,4,0,1
1021,2019,846,50,9,1,67196,1.020444,7,0,1
1021,2019,847,50,17,2,103667,1.036377,15,0,0
1021,2019,848,50,15,1,79672,1.031295,12,0,1
1021,2019,1,75,2,1,16023,1.000699,3,0,1
1021,2019,8,75,7,2,91845,1.019073,10,0,1
1021,2019,9,75,19,3,178874,1.035032,19,0,0
1021,2019,20,75,4,1,57243,1.013186,5,0,1
1021,2019,807,75,13,2,121829,1.023779,11,0,0
1021,2019,815,75,10,2,116766,1.019968,16,0,0
1021,2019,817,75,15,2,131289,1.025531,20,0,0
1021,2019,822,75,9,2,113215,1.019128,2,0,1
1021,2019,825,75,14,2,130321,1.027866,14,0,0
1021,2019,826,75,11,2,117926,1.01737,13,0,0
1021,2019,830,75,1,0,0,1.0,1,0,1
1021,2019,832,75,5,2,85023,1.017713,8,0,1
1021,2019,840,75,18,3,163426,1.033464,18,0,0
1021,2019,841,75,17,3,162879,1.030609,17,0,0
1021,2019,842,75,6,2,85731,1.018455,6,0,1
1021,2019,844,75,3,1,42599,1.008186,4,0,1
1021,2019,846,75,8,2,95311,1.01783,7,0,1
1021,2019,847,75,16,3,159699,1.030609,15,0,0
1021,2019,848,75,12,2,119140,1.018448,12,0,1
1022,2019,1,10,3,1,1348,0.998684,3,0,1
1022,2019,8,10,18,1,8776,0.966623,6,0,0
1022,2019,9,10,16,1,7827,0.989477,,1,0
1022,2019,20,10,2,1,759,0.994975,2,0,1
1022,2019,154,10,6,1,3006,0.989242,9,0,0
1022,2019,807,10,14,1,6737,0.993503,12,0,1
1022,2019,815,10,8,1,3905,0.985411,7,0,1
1022,2019,817,10,17,1,8268,0.983565,10,0,0
1022,2019,822,10,4,1,1838,0.998321,4,0,1
1022,2019,825,10,7,1,3645,0.98574,8,0,0
1022,2019,826,10,11,1,5398,0.993235,19,0,1
1022,2019,840,10,10,1,4868,0.993732,16,0,1
1022,2019,841,10,12,1,5911,0.99202,18,0,0
1022,2019,842,10,9,1,4459,0.99115,13,0,1
1022,2019,844,10,1,0,0,1.0,1,0,1
1022,2019,846,10,5,1,2303,0.991451,11,0,0
1022,2019,847,10,15,1,7398,0.989075,14,0,0
1022,2019,848,10,13,1,6579,0.991473,17,0,1
1022,2019,1,25,3,1,3382,1.004422,3,0,1
1022,2019,8,25,16,1,28506,1.031937,6,0,0
1022,2019,9,25,18,1,33410,1.050016,,1,0
1022,2019,20,25,2,1,2388,1.002744,2,0,1
1022,2019,154,25,6,1,15179,1.017833,9,0,0
1022,2019,807,25,13,1,24196,1.031426,12,0,1
1022,2019,815,25,7,1,18851,1.024516,7,0,1
1022,2019,817,25,15,1,25373,1.029503,10,0,0
1022,2019,822,25,4,1,5852,1.00568,4,0,1
1022,2019,825,25,8,1,20918,1.030405,8,0,0
1022,2019,826,25,11,1,22932,1.027369,19,0,1
1022,2019,840,25,10,1,22351,1.028007,16,0,1
1022,2019,841,25,12,1,23580,1.030496,18,0,0
1022,2019,842,25,9,1,21597,1.025737,13,0,1
1022,2019,844,25,1,0,0,1.0,1,0,1
1022,2019,846,25,5,1,12985,1.016657,11,0,0
1022,2019,847,25,17,1,30542,1.045649,14,0,0
1022,2019,848,25,14,1,24781,1.032074,17,0,1
1022,2019,1,50,1,0,0,1.0,3,0,1
1022,2019,8,50,16,1,63189,1.027685,6,0,0
1022,2019,9,50,18,1,69411,1.030005,,1,0
1022,2019,20,50,4,1,10265,1.002096,2,0,1
1022,2019,154,50,10,1,47189,1.016788,9,0,0
1022,2019,807,50,13,1,55155,1.023264,12,0,1
1022,2019,815,50,11,1,48021,1.017186,7,0,1
1022,2019,817,50,9,1,46450,1.023977,10,0,0
1022,2019,822,50,3,1,4505,1.001238,4,0,1
1022,2019,825,50,15,1,59738,1.031878,8,0,0
1022,2019,826,50,6,1,41207,1.021771,19,0,1
1022,2019,840,50,14,1,57816,1.02568,16,0,1
1022,2019,841,50,7,1,43285,1.02173,18,0,0
1022,2019,842,50,12,1,51517,1.022429,13,0,1
1022,2019,844,50,2,1,243,0.999488,1,0,1
1022,2019,846,50,5,1,38915,1.016048,11,0,0
1022,2019,847,50,17,1,64894,1.029759,14,0,0
1022,2019,848,50,8,1,44056,1.022661,17,0,1
1022,2019,1,75,2,1,6303,1.001164,3,0,1
1022,2019,8,75,16,2,107584,1.030713,6,0,0
1022,2019,9,75,17,2,109258,1.031867,,1,0
1022,2019,20,75,3,1,8763,1.001256,2,0,1
1022,2019,154,75,8,1,71407,1.017725,9,0,0
1022,2019,807,75,13,1,91279,1.019017,12,0,1
1022,2019,815,75,6,1,61281,1.011685,7,0,1
1022,2019,817,75,7,1,70780,1.017468,10,0,0
1022,2019,822,75,4,1,9812,1.003079,4,0,1
1022,2019,825,75,15,1,94930,1.030547,8,0,0
1022,2019,826,75,9,1,72043,1.017102,19,0,1
1022,2019,840,75,14,1,92772,1.024846,16,0,1
1022,2019,841,75,12,1,77247,1.017954,18,0,0
1022,2019,842,75,11,1,73751,1.021125,13,0,1
1022,2019,844,75,1,0,0,1.0,1,0,1
1022,2019,846,75,5,1,43642,1.010631,11,0,0
1022,2019,847,75,18,2,118892,1.032005,14,0,0
1022,2019,848,75,10,1,72611,1.021446,17,0,1
1023,2019,1,10,2,1,1539,1.002837,2,0,1
1023,2019,8,10,19,1,24832,1.04336,,1,0
1023,2019,9,10,15,1,22481,1.043919,15,0,0
1023,2019,20,10,4,1,3583,1.001983,4,0,0
1023,2019,154,10,16,1,22875,1.042359,13,0,0
1023,2019,807,10,6,1,8375,1.016898,6,0,1
1023,2019,815,10,14,1,20759,1.033707,18,0,1
1023,2019,817,10,5,1,7344,1.010324,5,0,1
1023,2019,822,10,3,1,2618,1.003355,3,0,1
1023,2019,825,10,10,1,13758,1.020441,11,0,0
1023,2019,826,10,12,1,14975,1.022195,12,0,0
1023,2019,830,10,20,1,39723,0.996104,19,0,1
1023,2019,832,10,8,1,11282,1.01701,7,0,0
1023,2019,840,10,7,1,9696,1.014396,9,0,0
1023,2019,841,10,9,1,12509,1.019541,10,0,1
1023,2019,842,10,13,1,16632,1.026668,17,0,0
1023,2019,844,10,1,0,0,1.0,1,0,1
1023,2019,846,10,17,1,23663,1.039305,16,0,1
1023,2019,847,10,18,1,24476,1.046656,14,0,0
1023,2019,848,10,11,1,14196,1.018787,8,0,1
1023,2019,1,25,2,1,1374,1.000565,2,0,1
1023,2019,8,25,15,1,42352,1.033319,,1,0
1023,2019,9,25,18,1,52032,1.043919,15,0,0
1023,2019,20,25,20,2,64672,1.001978,4,0,0
1023,2019,154,25,19,1,74712,1.033731,13,0,0
1023,2019,807,25,5,1,16504,1.012678,6,0,1
1023,2019,815,25,11,1,34278,1.024873,18,0,1
1023,2019,817,25,4,1,14573,1.009941,5,0,1
1023,2019,822,25,3,1,2737,1.000936,3,0,1
1023,2019,825,25,10,1,33264,1.024626,11,0,0
1023,2019,826,25,9,1,27541,1.016492,12,0,0
1023,2019,830,25,16,1,43225,1.000853,19,0,1
1023,2019,832,25,6,1,19610,1.010794,7,0,0
1023,2019,840,25,12,1,35142,1.017592,9,0,0
1023,2019,841,25,7,1,23174,1.013078,10,0,1
1023,2019,842,25,14,1,38165,1.02243,17,0,0
1023,2019,844,25,1,0,0,1.0,1,0,1
1023,2019,846,25,13,1,36986,1.02449,16,0,1
1023,2019,847,25,17,1,47395,1.037604,14,0,0
1023,2019,848,25,8,1,24407,1.015209,8,0,1
1023,2019,1,50,3,1,17073,0.998941,2,0,1
1023,2019,8,50,19,2,93702,1.021934,,1,0
1023,2019,9,50,15,1,82987,1.03403,15,0,0
1023,2019,20,50,18,2,92353,1.001694,4,0,0
1023,2019,154,50,20,2,97680,1.022139,13,0,0
1023,2019,807,50,5,1,25009,1.009975,6,0,1
1023,2019,815,50,9,1,47733,1.017468,18,0,1
1023,2019,817,50,4,1,19794,1.006399,5,0,1
1023,2019,822,50,1,0,0,1.0,3,0,1
1023,2019,825,50,13,1,67276,1.017197,11,0,0
1023,2019,826,50,8,1,37143,1.012045,12,0,0
1023,2019,830,50,10,1,48988,1.004682,19,0,1
1023,2019,832,50,6,1,30867,1.012104,7,0,0
1023,2019,840,50,16,1,87383,1.015856,9,0,0
1023,2019,841,50,12,1,59885,1.012857,10,0,1
1023,2019,842,50,11,1,51640,1.015468,17,0,0
1023,2019,844,50,2,1,16242,0.999071,1,0,1
1023,2019,846,50,14,1,72502,1.015515,16,0,1
1023,2019,847,50,17,1,89149,1.024784,14,0,0
1023,2019,848,50,7,1,36364,1.011328,8,0,1
1023,2019,1,75,2,1,813,0.99924,2,0,1
1023,2019,8,75,16,2,123862,1.022709,,1,0
1023,2019,9,75,17,2,128472,1.034016,15,0,0
1023,2019,20,75,13,2,92569,1.003286,4,0,0
1023,2019,154,75,18,2,129582,1.022721,13,0,0
1023,2019,807,75,5,1,50001,1.010524,6,0,1
1023,2019,815,75,7,1,62897,1.015218,18,0,1
1023,2019,817,75,4,1,33484,1.007503,5,0,1
1023,2019,822,75,3,1,2960,1.000954,3,0,1
1023,2019,825,75,15,2,100987,1.018481,11,0,0
1023,2019,830,75,9,1,66030,1.002821,19,0,1
1023,2019,840,75,12,1,81162,1.014081,9,0,0
1023,2019,841,75,8,1,65008,1.013969,10,0,1
1023,2019,842,75,11,1,73490,1.016119,17,0,0
1023,2019,844,75,1,0,0,1.0,1,0,1
1023,2019,846,75,10,1,72329,1.015683,16,0,1
1023,2019,847,75,14,2,96550,1.024276,14,0,0
1023,2019,848,75,6,1,56331,1.011378,8,0,1
1024,2019,1,10,2,1,955,0.997485,2,0,1
1024,2019,8,10,11,1,15257,1.008239,12,0,0
1024,2019,9,10,17,1,28340,1.020337,19,0,0
1024,2019,20,10,3,1,2267,0.998226,3,0,1
1024,2019,154,10,16,1,22812,1.012455,17,0,0
1024,2019,807,10,18,1,30274,0.992749,8,0,1
1024,2019,815,10,15,1,21015,1.005432,15,0,0
1024,2019,817,10,14,1,18827,1.003027,20,0,0
1024,2019,822,10,5,1,4074,0.999058,5,0,1
1024,2019,825,10,9,1,13210,1.006822,13,0,0
1024,2019,826,10,12,1,16839,1.008971,14,0,0
1024,2019,830,10,4,1,2972,0.999524,4,0,1
1024,2019,832,10,20,2,138730,1.016947,7,0,0
1024,2019,840,10,13,1,17867,1.005285,16,0,0
1024,2019,841,10,8,1,10622,1.002652,10,0,1
1024,2019,842,10,10,1,14508,1.006172,11,0,1
1024,2019,844,10,1,0,0,1.0,1,0,1
1024,2019,846,10,7,1,7922,0.99765,9,0,1
1024,2019,847,10,19,1,61051,0.991779,18,0,0
1024,2019,848,10,6,1,5151,0.998738,6,0,1
1024,2019,1,25,2,1,962,0.998167,2,0,1
1024,2019,8,25,13,1,24582,1.003822,12,0,0
1024,2019,9,25,16,1,43954,1.01392,19,0,0
1024,2019,20,25,3,1,2642,0.99867,3,0,1
1024,2019,154,25,14,1,28954,1.005344,17,0,0
1024,2019,807,25,15,1,29646,0.997202,8,0,1
1024,2019,815,25,17,1,45611,1.006212,15,0,0
1024,2019,817,25,11,1,18170,1.000699,20,0,0
1024,2019,822,25,5,1,4512,0.999191,5,0,1
1024,2019,825,25,9,1,14449,1.001509,13,0,0
1024,2019,826,25,18,1,47692,1.006656,14,0,0
1024,2019,830,25,4,1,3419,0.999566,4,0,1
1024,2019,832,25,20,2,145658,1.010804,7,0,0
1024,2019,840,25,12,1,19649,1.002071,16,0,0
1024,2019,841,25,8,1,10977,1.00069,10,0,1
1024,2019,842,25,10,1,15910,1.002468,11,0,1
1024,2019,844,25,1,0,0,1.0,1,0,1
1024,2019,846,25,7,1,7961,0.999913,9,0,1
1024,2019,847,25,19,1,58278,0.996718,18,0,0
1024,2019,848,25,6,1,5525,1.000901,6,0,1
1024,2019,1,50,8,1,8337,1.000348,2,0,1
1024,2019,8,50,14,1,22219,1.000853,12,0,0
1024,2019,9,50,19,1,76890,1.016836,19,0,0
1024,2019,20,50,1,0,0,1.0,3,0,1
1024,2019,154,50,18,1,55135,1.007969,17,0,0
1024,2019,807,50,11,1,14580,0.99492,8,0,1
1024,2019,815,50,15,1,26955,1.001972,15,0,0
1024,2019,817,50,4,1,3447,0.996891,20,0,0
1024,2019,822,50,9,1,9635,1.001192,5,0,1
1024,2019,825,50,13,1,19767,1.003301,13,0,0
1024,2019,826,50,16,1,28619,1.001339,14,0,0
1024,2019,830,50,6,1,5387,1.000981,4,0,1
1024,2019,832,50,20,2,150425,1.003287,7,0,0
1024,2019,840,50,7,1,7580,0.999817,16,0,0
1024,2019,841,50,2,1,0,1.001531,10,0,1
1024,2019,842,50,3,1,2323,1.001917,11,0,1
1024,2019,844,50,5,1,4045,0.999853,1,0,1
1024,2019,846,50,12,1,15561,1.000468,9,0,1
1024,2019,847,50,17,1,54414,1.000569,18,0,0
1024,2019,848,50,10,1,10960,1.002008,6,0,1
1024,2019,1,75,4,1,3263,1.000963,2,0,1
1024,2019,8,75,9,1,11170,1.003393,12,0,0
1024,2019,9,75,17,1,42793,1.017907,19,0,0
1024,2019,20,75,1,0,0,1.0,3,0,1
1024,2019,154,75,15,1,18960,1.009566,17,0,0
1024,2019,807,75,11,1,14181,1.001344,8,0,1
1024,2019,817,75,14,1,18080,1.002838,20,0,0
1024,2019,822,75,5,1,5172,1.001412,5,0,1
1024,2019,825,75,8,1,9553,1.003604,13,0,0
1024,2019,826,75,12,1,15788,1.003017,14,0,0
1024,2019,830,75,3,1,2005,1.00083,4,0,1
1024,2019,832,75,16,1,31380,1.00348,7,0,0
1024,2019,840,75,18,1,85752,1.00221,16,0,0
1024,2019,841,75,13,1,17132,1.003508,10,0,1
1024,2019,842,75,10,1,13589,1.003604,11,0,1
1024,2019,844,75,2,1,963,0.999862,1,0,1
1024,2019,846,75,7,1,7768,1.002935,9,0,1
1024,2019,848,75,6,1,5919,1.003843,6,0,1
1025,2019,1,10,3,1,3402,0.99771,2,0,1
1025,2019,8,10,14,1,16932,0.985154,15,0,0
1025,2019,9,10,19,1,22699,0.982229,18,0,0
1025,2019,20,10,1,0,0,1.0,3,0,0
1025,2019,807,10,10,1,12800,0.997985,6,0,1
1025,2019,815,10,7,1,10400,0.998157,11,0,1
1025,2019,817,10,18,1,20708,0.871654,10,0,0
1025,2019,822,10,5,1,7423,1.002095,4,0,1
1025,2019,825,10,9,1,12322,0.992177,13,0,1
1025,2019,826,10,13,1,16126,0.983598,19,0,0
1025,2019,830,10,8,1,10977,0.996934,9,0,1
1025,2019,832,10,4,1,6483,0.998677,5,0,1
1025,2019,840,10,11,1,14059,0.99077,14,0,0
1025,2019,841,10,17,1,19707,0.99935,12,0,0
1025,2019,842,10,12,1,14830,0.985269,16,0,0
1025,2019,844,10,2,1,1350,0.99979,1,0,1
1025,2019,846,10,6,1,9488,1.003284,7,0,1
1025,2019,847,10,16,1,18765,0.989918,17,0,0
1025,2019,848,10,15,1,17575,0.981029,,1,1
1025,2019,1,25,3,1,6823,1.004925,2,0,1
1025,2019,8,25,19,1,63976,1.042554,15,0,0
1025,2019,9,25,18,1,62928,1.051095,18,0,0
1025,2019,20,25,1,0,0,1.0,3,0,0
1025,2019,807,25,9,1,34081,1.027099,6,0,1
1025,2019,815,25,8,1,33336,1.02933,11,0,1
1025,2019,817,25,16,1,50459,1.035368,10,0,0
1025,2019,822,25,4,1,14091,1.009055,4,0,1
1025,2019,825,25,10,1,39432,1.031137,13,0,1
1025,2019,826,25,13,1,42658,1.034209,19,0,0
1025,2019,830,25,6,1,28658,1.026061,9,0,1
1025,2019,832,25,5,1,26248,1.023009,5,0,1
1025,2019,840,25,11,1,40943,1.033021,14,0,0
1025,2019,841,25,17,1,52434,1.03924,12,0,0
1025,2019,842,25,12,1,41776,1.034209,16,0,0
1025,2019,844,25,2,1,3484,1.001143,1,0,1
1025,2019,846,25,7,1,32138,1.028851,7,0,1
1025,2019,847,25,15,1,49353,1.039563,17,0,0
1025,2019,848,25,14,1,43169,1.032049,,1,1
1025,2019,1,50,1,0,0,1.0,2,0,1
1025,2019,8,50,16,1,94042,1.032043,15,0,0
1025,2019,9,50,17,2,120059,1.050685,18,0,0
1025,2019,807,50,12,1,81314,1.024961,6,0,1
1025,2019,815,50,11,1,79336,1.028188,11,0,1
1025,2019,822,50,2,1,12886,1.004513,4,0,1
1025,2019,825,50,5,1,61833,1.024384,13,0,1
1025,2019,826,50,8,1,72630,1.030009,19,0,0
1025,2019,830,50,4,1,37222,1.014893,9,0,1
1025,2019,832,50,9,1,73589,1.023797,5,0,1
1025,2019,840,50,6,1,64300,1.028573,14,0,0
1025,2019,841,50,15,1,91152,1.03694,12,0,0
1025,2019,842,50,13,1,81881,1.031304,16,0,0
1025,2019,844,50,3,1,19293,1.004219,1,0,1
1025,2019,846,50,10,1,78623,1.025709,7,0,1
1025,2019,847,50,14,1,89397,1.036323,17,0,0
1025,2019,848,50,7,1,69565,1.028785,,1,1
1025,2019,1,75,1,0,0,1.0,2,0,1
1025,2019,8,75,13,1,32735,1.034184,15,0,0
1025,2019,807,75,10,1,28332,1.027344,6,0,1
1025,2019,815,75,8,1,24580,1.031093,11,0,1
1025,2019,822,75,2,1,3464,1.005599,4,0,1
1025,2019,825,75,6,1,20198,1.025373,13,0,1
1025,2019,826,75,12,1,31870,1.031575,19,0,0
1025,2019,830,75,4,1,7216,1.015362,9,0,1
1025,2019,832,75,5,1,18716,1.02513,5,0,1
1025,2019,840,75,11,1,29618,1.030865,14,0,0
1025,2019,841,75,15,1,36595,1.038526,12,0,0
1025,2019,842,75,14,1,34386,1.033748,16,0,0
1025,2019,844,75,3,1,4449,1.001373,1,0,1
1025,2019,846,75,9,1,27510,1.027988,7,0,1
1025,2019,848,75,7,1,21444,1.030323,,1,1
1026,2019,1,10,3,1,5114,1.003346,4,0,1
1026,2019,8,10,14,1,24352,1.036558,13,0,0
1026,2019,9,10,19,1,33398,1.048777,,1,0
1026,2019,20,10,2,1,1913,1.001239,1,0,1
1026,2019,154,10,13,1,23741,1.036203,10,0,0
1026,2019,807,10,8,1,17566,1.025694,15,0,0
1026,2019,815,10,9,1,18641,1.027335,17,0,1
1026,2019,817,10,12,1,21910,1.029045,16,0,0
1026,2019,822,10,1,0,0,1.0,3,0,1
1026,2019,825,10,11,1,21555,1.029924,19,0,0
1026,2019,826,10,15,1,24747,1.034255,14,0,1
1026,2019,830,10,16,1,25613,1.036018,5,0,0
1026,2019,832,10,4,1,11039,1.016852,7,0,1
1026,2019,840,10,7,1,16497,1.023385,12,0,1
1026,2019,841,10,10,1,20490,1.029993,11,0,0
1026,2019,842,10,6,1,15601,1.02231,9,0,1
1026,2019,844,10,18,1,32574,1.01619,2,0,1
1026,2019,846,10,20,1,37103,1.040502,8,0,0
1026,2019,847,10,17,1,27314,1.036934,18,0,0
1026,2019,848,10,5,1,12804,1.02042,6,0,1
1026,2019,1,25,3,1,5762,1.000708,4,0,1
1026,2019,8,25,14,1,42921,1.029144,13,0,0
1026,2019,9,25,20,1,66857,1.049831,,1,0
1026,2019,20,25,2,1,4037,1.002357,1,0,1
1026,2019,154,25,13,1,42328,1.02889,10,0,0
1026,2019,807,25,8,1,29853,1.019249,15,0,0
1026,2019,815,25,9,1,31109,1.020803,17,0,1
1026,2019,817,25,10,1,32004,1.016543,16,0,0
1026,2019,822,25,1,0,0,1.0,3,0,1
1026,2019,825,25,12,1,40878,1.0287,19,0,0
1026,2019,826,25,16,1,44457,1.030634,14,0,1
1026,2019,830,25,17,1,45614,1.030243,5,0,0
1026,2019,832,25,4,1,20039,1.014672,7,0,1
1026,2019,840,25,7,1,28143,1.019186,12,0,1
1026,2019,841,25,11,1,38816,1.026977,11,0,0
1026,2019,842,25,6,1,26930,1.018742,9,0,1
1026,2019,844,25,15,1,43352,1.014556,2,0,1
1026,2019,846,25,18,1,46935,1.017283,8,0,0
1026,2019,847,25,19,1,53473,1.038266,18,0,0
1026,2019,848,25,5,1,21020,1.015359,6,0,1
1026,2019,1,50,3,1,20124,1.003724,4,0,1
1026,2019,8,50,16,1,86877,1.02938,13,0,0
1026,2019,9,50,19,2,139217,1.049701,,1,0
1026,2019,20,50,2,1,11732,1.001613,1,0,1
1026,2019,154,50,14,1,82942,1.029649,10,0,0
1026,2019,807,50,11,1,67093,1.020488,15,0,0
1026,2019,815,50,12,1,69067,1.02199,17,0,1
1026,2019,817,50,6,1,50038,1.020911,16,0,0
1026,2019,822,50,1,0,0,1.0,3,0,1
1026,2019,825,50,17,1,88220,1.028666,19,0,0
1026,2019,826,50,9,1,66191,1.028687,14,0,1
1026,2019,832,50,4,1,36497,1.0168,7,0,1
1026,2019,840,50,10,1,66558,1.020514,12,0,1
1026,2019,841,50,15,1,84951,1.027851,11,0,0
1026,2019,842,50,8,1,63686,1.019879,9,0,1
1026,2019,844,50,7,1,55893,1.014531,2,0,1
1026,2019,846,50,13,1,71380,1.021847,8,0,0
1026,2019,847,50,18,2,87379,1.038383,18,0,0
1026,2019,848,50,5,1,38647,1.011045,6,0,1
1026,2019,1,75,1,0,0,1.0,4,0,1
1026,2019,8,75,17,2,129700,1.027646,13,0,0
1026,2019,9,75,19,3,221616,1.048388,,1,0
1026,2019,20,75,3,1,16891,0.994589,1,0,1
1026,2019,154,75,12,2,100458,1.026488,10,0,0
1026,2019,807,75,9,1,80735,1.017903,15,0,0
1026,2019,815,75,10,1,81927,1.016603,17,0,1
1026,2019,817,75,11,1,83799,1.018061,16,0,0
1026,2019,822,75,2,1,8938,0.997062,3,0,1
1026,2019,825,75,16,2,114102,1.027207,19,0,0
1026,2019,826,75,15,2,105225,1.025094,14,0,1
1026,2019,832,75,5,1,61154,1.014954,7,0,1
1026,2019,840,75,8,1,80139,1.01766,12,0,1
1026,2019,841,75,13,2,104428,1.025601,11,0,0
1026,2019,842,75,7,1,79025,1.016941,9,0,1
1026,2019,844,75,6,1,67733,1.007937,2,0,1
1026,2019,846,75,14,2,104828,1.01656,8,0,0
1026,2019,847,75,18,2,132928,1.032967,18,0,0
1026,2019,848,75,4,1,55683,1.003382,6,0,1
1027,2019,1,10,4,1,4151,0.997212,3,0,1
1027,2019,8,10,15,1,22504,1.021946,14,0,0
1027,2019,9,10,17,1,29414,1.032818,20,0,0
1027,2019,20,10,2,1,1670,1.00045,2,0,1
1027,2019,154,10,19,1,32321,1.038851,18,0,0
1027,2019,807,10,12,1,19410,1.022877,12,0,1
1027,2019,815,10,9,1,16609,1.018914,11,0,1
1027,2019,817,10,11,1,18692,1.022341,13,0,1
1027,2019,822,10,6,1,11410,1.019523,6,0,1
1027,2019,825,10,16,1,24217,1.022676,17,0,0
1027,2019,826,10,8,1,15799,1.020436,9,0,0
1027,2019,830,10,20,1,57663,1.142978,4,0,1
1027,2019,832,10,5,1,10968,1.018914,7,0,0
1027,2019,840,10,13,1,20740,1.020545,16,0,0
1027,2019,841,10,14,1,21594,1.019748,15,0,0
1027,2019,842,10,10,1,18157,1.025696,10,0,1
1027,2019,844,10,1,0,0,1.0,1,0,1
1027,2019,846,10,7,1,14190,1.025464,8,0,0
1027,2019,847,10,18,1,30657,1.035679,19,0,0
1027,2019,848,10,3,1,2974,1.000384,5,0,1
1027,2019,1,25,2,1,1940,0.999162,3,0,1
1027,2019,8,25,19,1,61366,1.023286,14,0,0
1027,2019,9,25,14,1,57538,1.034858,20,0,0
1027,2019,20,25,1,0,0,1.0,2,0,1
1027,2019,154,25,18,1,61293,1.038181,18,0,0
1027,2019,807,25,8,1,32934,1.018696,12,0,1
1027,2019,815,25,6,1,31068,1.017135,11,0,1
1027,2019,817,25,7,1,32133,1.020367,13,0,1
1027,2019,822,25,3,1,8626,0.999278,6,0,1
1027,2019,825,25,11,1,48222,1.029069,17,0,0
1027,2019,826,25,12,1,51853,1.020293,9,0,0
1027,2019,830,25,16,1,59293,1.004474,4,0,1
1027,2019,832,25,13,1,53695,1.023267,7,0,0
1027,2019,840,25,9,1,36125,1.021064,16,0,0
1027,2019,841,25,10,1,39937,1.022533,15,0,0
1027,2019,842,25,15,1,57907,1.027974,10,0,1
1027,2019,844,25,4,1,17981,1.001071,1,0,1
1027,2019,846,25,20,2,152994,1.021757,8,0,0
1027,2019,847,25,17,1,59995,1.033481,19,0,0
1027,2019,848,25,5,1,26714,1.00227,5,0,1
1027,2019,1,50,4,1,16593,0.997166,3,0,1
1027,2019,8,50,14,2,83547,1.022704,14,0,0
1027,2019,9,50,18,2,127418,1.035897,20,0,0
1027,2019,20,50,1,0,0,1.0,2,0,1
1027,2019,154,50,17,2,119355,1.038806,18,0,0
1027,2019,807,50,11,1,73860,1.015863,12,0,1
1027,2019,815,50,8,1,61325,1.011539,11,0,1
1027,2019,817,50,6,1,46807,1.012631,13,0,1
1027,2019,822,50,2,1,4089,0.997896,6,0,1
1027,2019,825,50,16,2,115127,1.031651,17,0,0
1027,2019,826,50,9,1,64385,1.011484,9,0,0
1027,2019,830,50,10,1,66085,1.000632,4,0,1
1027,2019,832,50,12,2,80532,1.02349,7,0,0
1027,2019,840,50,7,1,54303,1.017507,16,0,0
1027,2019,841,50,15,2,107840,1.023146,15,0,0
1027,2019,842,50,13,2,81131,1.020115,10,0,1
1027,2019,844,50,3,1,8991,0.996252,1,0,1
1027,2019,846,50,20,3,183711,1.022177,8,0,0
1027,2019,847,50,19,2,131009,1.034314,19,0,0
1027,2019,848,50,5,1,22125,0.999362,5,0,1
1027,2019,1,75,1,0,0,1.0,3,0,1
1027,2019,8,75,13,2,98890,1.022694,14,0,0
1027,2019,9,75,17,2,154704,1.033949,20,0,0
1027,2019,20,75,2,1,2536,1.000788,2,0,1
1027,2019,154,75,19,3,159149,1.039794,18,0,0
1027,2019,807,75,9,1,72155,1.013036,12,0,1
1027,2019,815,75,7,1,60643,1.009908,11,0,1
1027,2019,817,75,8,1,63917,1.012888,13,0,1
1027,2019,822,75,3,1,3662,0.999544,6,0,1
1027,2019,825,75,16,2,122883,1.02975,17,0,0
1027,2019,826,75,11,1,78568,1.012236,9,0,0
1027,2019,830,75,6,1,54585,1.002328,4,0,1
1027,2019,832,75,14,2,104006,1.019677,7,0,0
1027,2019,840,75,10,1,77248,1.017267,16,0,0
1027,2019,841,75,15,2,112467,1.020355,15,0,0
1027,2019,842,75,12,2,96429,1.016525,10,0,1
1027,2019,844,75,4,1,9051,0.998411,1,0,1
1027,2019,847,75,18,3,158208,1.036445,19,0,0
1027,2019,848,75,5,1,19467,0.999803,5,0,1
1028,2019,1,10,3,1,3665,1.002473,5,0,1
1028,2019,8,10,11,1,20468,1.027119,17,0,0
1028,2019,9,10,18,1,30516,1.039485,19,0,0
1028,2019,20,10,7,1,14405,1.017921,2,0,0
1028,2019,154,10,14,1,23939,1.03322,15,0,0
1028,2019,807,10,12,1,21306,1.026703,11,0,1
1028,2019,815,10,17,1,26210,1.032363,,1,1
1028,2019,817,10,6,1,13634,1.017247,9,0,1
1028,2019,822,10,1,0,0,1.0,1,0,1
1028,2019,825,10,10,1,19751,1.02595,12,0,0
1028,2019,826,10,13,1,22489,1.025945,13,0,0
1028,2019,830,10,2,1,1817,1.001685,3,0,1
1028,2019,832,10,9,1,17557,1.021311,7,0,1
1028,2019,840,10,16,1,25701,1.032754,14,0,0
1028,2019,841,10,15,1,24742,1.030346,16,0,0
1028,2019,842,10,8,1,16322,1.021137,10,0,0
1028,2019,844,10,4,1,8486,1.008559,4,0,1
1028,2019,846,10,5,1,12768,1.017381,8,0,1
1028,2019,847,10,19,1,31320,1.039108,18,0,0
1028,2019,848,10,20,1,37001,0.995044,6,0,1
1028,2019,1,25,3,1,4238,1.001309,5,0,1
1028,2019,8,25,9,1,35666,1.02103,17,0,0
1028,2019,9,25,19,1,86438,1.04749,19,0,0
1028,2019,154,25,14,1,45927,1.028737,15,0,0
1028,2019,807,25,10,1,37449,1.021307,11,0,1
1028,2019,815,25,13,1,44821,1.026953,,1,1
1028,2019,817,25,5,1,24510,1.014554,9,0,1
1028,2019,822,25,1,0,0,1.0,1,0,1
1028,2019,825,25,12,1,44040,1.027452,12,0,0
1028,2019,826,25,11,1,39170,1.020576,13,0,0
1028,2019,830,25,2,1,3780,1.001872,3,0,1
1028,2019,832,25,8,1,32900,1.020754,7,0,1
1028,2019,840,25,18,1,63423,1.028475,14,0,0
1028,2019,841,25,16,1,49248,1.028643,16,0,0
1028,2019,842,25,7,1,31086,1.019825,10,0,0
1028,2019,844,25,4,1,15908,1.009648,4,0,1
1028,2019,846,25,6,1,26937,1.017997,8,0,1
1028,2019,847,25,17,1,56386,1.033193,18,0,0
1028,2019,848,25,15,1,46483,1.006985,6,0,1
1028,2019,1,50,3,1,18912,1.006644,5,0,1
1028,2019,8,50,11,1,72045,1.025387,17,0,0
1028,2019,9,50,19,2,133927,1.042534,19,0,0
1028,2019,154,50,17,2,111019,1.0355,15,0,0
1028,2019,807,50,10,1,70054,1.026515,11,0,1
1028,2019,815,50,14,1,80946,1.02582,,1,1
1028,2019,817,50,5,1,57460,1.020577,9,0,1
1028,2019,822,50,1,0,0,1.0,1,0,1
1028,2019,825,50,15,1,88694,1.030495,12,0,0
1028,2019,826,50,13,1,80223,1.026177,13,0,0
1028,2019,830,50,2,1,6316,1.000765,3,0,1
1028,2019,832,50,7,1,63721,1.02418,7,0,1
1028,2019,840,50,12,1,79252,1.02007,14,0,0
1028,2019,841,50,16,1,91114,1.033591,16,0,0
1028,2019,842,50,8,1,66910,1.02415,10,0,0
1028,2019,844,50,4,1,44067,1.014848,4,0,1
1028,2019,846,50,6,1,58456,1.021844,8,0,1
1028,2019,847,50,18,2,116271,1.038308,18,0,0
1028,2019,848,50,9,1,67599,1.01289,6,0,1
1028,2019,1,75,1,0,0,1.0,5,0,1
1028,2019,8,75,11,2,81333,1.016098,17,0,0
1028,2019,154,75,17,2,131804,1.029115,15,0,0
1028,2019,807,75,12,2,102003,1.022022,11,0,1
1028,2019,815,75,10,1,82687,1.015713,,1,1
1028,2019,817,75,5,1,66800,1.013146,9,0,1
1028,2019,822,75,2,1,4437,0.994232,1,0,1
1028,2019,825,75,15,2,112390,1.022636,12,0,0
1028,2019,826,75,13,2,105398,1.021804,13,0,0
1028,2019,830,75,3,1,11048,0.99611,3,0,1
1028,2019,832,75,7,1,72668,1.007904,7,0,1
1028,2019,840,75,14,2,109641,1.014562,14,0,0
1028,2019,841,75,16,2,130646,1.028857,16,0,0
1028,2019,842,75,8,1,75433,1.014405,10,0,0
1028,2019,844,75,4,1,36491,1.003528,4,0,1
1028,2019,846,75,6,1,70585,1.012893,8,0,1
1028,2019,847,75,18,2,141057,1.033464,18,0,0
1028,2019,848,75,9,1,80791,0.999727,6,0,1
1029,2019,1,10,2,1,2482,1.001683,3,0,1
1029,2019,8,10,8,1,14837,1.019251,8,0,1
1029,2019,9,10,19,1,30332,1.043952,19,0,0
1029,2019,20,10,3,1,4259,1.004516,2,0,0
1029,2019,154,10,9,1,16931,1.024415,7,0,0
1029,2019,807,10,17,1,23887,1.029251,13,0,0
1029,2019,815,10,16,1,23286,1.032943,15,0,1
1029,2019,817,10,14,1,22217,1.032739,11,0,1
1029,2019,822,10,4,1,7129,1.008508,4,0,0
1029,2019,825,10,13,1,21951,1.034667,9,0,0
1029,2019,826,10,18,1,24463,1.030389,16,0,1
1029,2019,830,10,1,0,0,1.0,1,0,1
1029,2019,832,10,15,1,22677,1.030593,20,0,1
1029,2019,840,10,12,1,21142,1.027643,17,0,0
1029,2019,841,10,10,1,18302,1.025286,12,0,1
1029,2019,842,10,6,1,12165,1.017739,6,0,1
1029,2019,844,10,7,1,13461,1.012051,14,0,0
1029,2019,846,10,11,1,19502,1.026165,10,0,1
1029,2019,847,10,20,1,31324,1.0434,18,0,0
1029,2019,848,10,5,1,8802,1.010477,5,0,0
1029,2019,1,25,2,1,2471,1.000728,3,0,1
1029,2019,8,25,8,1,29275,1.02018,8,0,1
1029,2019,9,25,19,1,63737,1.04442,19,0,0
1029,2019,20,25,3,1,6804,1.003542,2,0,0
1029,2019,154,25,9,1,32528,1.022234,7,0,0
1029,2019,807,25,14,1,41306,1.024511,13,0,0
1029,2019,815,25,16,1,43499,1.024824,15,0,1
1029,2019,817,25,18,1,61126,1.020561,11,0,1
1029,2019,822,25,4,1,12175,1.007568,4,0,0
1029,2019,825,25,17,1,51259,1.027347,9,0,0
1029,2019,826,25,15,1,43028,1.02651,16,0,1
1029,2019,830,25,1,0,0,1.0,1,0,1
1029,2019,832,25,13,1,38277,1.021445,20,0,1
1029,2019,840,25,12,1,37157,1.022961,17,0,0
1029,2019,841,25,10,1,33560,1.021731,12,0,1
1029,2019,842,25,7,1,25981,1.017869,6,0,1
1029,2019,844,25,6,1,18456,1.00788,14,0,0
1029,2019,846,25,11,1,34960,1.021969,10,0,1
1029,2019,847,25,20,1,64900,1.045399,18,0,0
1029,2019,848,25,5,1,16281,1.010219,5,0,0
1029,2019,1,50,2,1,3385,1.000157,3,0,1
1029,2019,8,50,8,1,50745,1.018224,8,0,1
1029,2019,9,50,20,2,119389,1.044704,19,0,0
1029,2019,20,50,3,1,12686,1.004417,2,0,0
1029,2019,154,50,12,1,63407,1.023226,7,0,0
1029,2019,807,50,17,2,76840,1.025461,13,0,0
1029,2019,815,50,10,1,59420,1.017421,15,0,1
1029,2019,817,50,11,1,60918,1.011161,11,0,1
1029,2019,822,50,4,1,21714,1.008445,4,0,0
1029,2019,825,50,18,2,83929,1.027598,9,0,0
1029,2019,826,50,14,1,65597,1.025662,16,0,1
1029,2019,830,50,1,0,0,1.0,1,0,1
1029,2019,832,50,15,1,68242,1.022335,20,0,1
1029,2019,840,50,16,2,71304,1.024876,17,0,0
1029,2019,841,50,9,1,55115,1.021464,12,0,1
1029,2019,842,50,7,1,46904,1.017959,6,0,1
1029,2019,844,50,6,1,39443,1.010963,14,0,0
1029,2019,846,50,13,1,64624,1.022655,10,0,1
1029,2019,847,50,19,2,108371,1.041506,18,0,0
1029,2019,848,50,5,1,26826,1.010412,5,0,0
1029,2019,1,75,1,0,0,1.0,3,0,1
1029,2019,8,75,9,2,83307,1.015322,8,0,1
1029,2019,9,75,19,3,209367,1.046838,19,0,0
1029,2019,20,75,3,1,21448,1.004784,2,0,0
1029,2019,154,75,7,2,80637,1.026188,7,0,0
1029,2019,807,75,17,2,114312,1.028675,13,0,0
1029,2019,815,75,13,2,87346,1.016976,15,0,1
1029,2019,817,75,14,2,88819,1.01431,11,0,1
1029,2019,825,75,16,2,97656,1.028074,9,0,0
1029,2019,826,75,15,2,92861,1.027896,16,0,1
1029,2019,830,75,2,1,0,0.998373,1,0,1
1029,2019,832,75,8,2,81510,1.025586,20,0,1
1029,2019,840,75,11,2,86097,1.027486,17,0,0
1029,2019,841,75,12,2,86594,1.016866,12,0,1
1029,2019,842,75,6,2,77694,1.016566,6,0,1
1029,2019,844,75,4,1,39295,1.01207,14,0,0
1029,2019,846,75,10,2,85018,1.026475,10,0,1
1029,2019,847,75,18,2,156765,1.041304,18,0,0
1029,2019,848,75,5,1,47389,1.011858,5,0,0
1030,2019,1,10,1,0,0,1.0,1,0,1
1030,2019,8,10,14,1,27856,1.039109,17,0,0
1030,2019,9,10,18,1,33295,1.047083,19,0,0
1030,2019,20,10,4,1,6981,1.007294,4,0,1
1030,2019,154,10,17,1,30305,1.044185,15,0,0
1030,2019,807,10,9,1,19377,1.026661,9,0,0
1030,2019,815,10,11,1,23353,1.033041,10,0,1
1030,2019,817,10,8,1,18468,1.025659,7,0,0
1030,2019,822,10,13,1,25231,1.037825,20,0,1
1030,2019,825,10,10,1,22608,1.033084,14,0,0
1030,2019,826,10,16,1,29270,1.041487,13,0,1
1030,2019,830,10,3,1,5298,1.004537,2,0,1
1030,2019,832,10,7,1,17569,1.026612,8,0,1
1030,2019,840,10,15,1,29026,1.044579,12,0,0
1030,2019,841,10,12,1,24502,1.034276,16,0,0
1030,2019,842,10,20,2,104991,1.039138,11,0,0
1030,2019,844,10,2,1,3381,1.003749,3,0,1
1030,2019,846,10,6,1,15967,1.024235,6,0,1
1030,2019,847,10,19,1,34162,1.048892,18,0,0
1030,2019,848,10,5,1,10109,1.011354,5,0,1
1030,2019,1,25,1,0,0,1.0,1,0,1
1030,2019,8,25,10,1,51567,1.030292,17,0,0
1030,2019,9,25,16,1,66179,1.041029,19,0,0
1030,2019,20,25,7,1,41592,1.009994,4,0,1
1030,2019,154,25,12,1,56894,1.033067,15,0,0
1030,2019,807,25,5,1,38529,1.02494,9,0,0
1030,2019,815,25,8,1,43670,1.027546,10,0,1
1030,2019,817,25,14,1,59713,1.025606,7,0,0
1030,2019,822,25,6,1,39679,1.020045,20,0,1
1030,2019,825,25,9,1,50137,1.032013,14,0,0
1030,2019,826,25,11,1,52715,1.029568,13,0,1
1030,2019,830,25,2,1,9251,1.004141,2,0,1
1030,2019,832,25,15,1,60616,1.026223,8,0,1
1030,2019,840,25,19,1,73070,1.021664,12,0,0
1030,2019,841,25,18,1,69856,1.033894,16,0,0
1030,2019,842,25,20,2,131146,1.023125,11,0,0
1030,2019,844,25,4,1,29434,1.004389,3,0,1
1030,2019,846,25,13,1,58610,1.023258,6,0,1
1030,2019,847,25,17,1,67253,1.042939,18,0,0
1030,2019,848,25,3,1,22586,1.012453,5,0,1
1030,2019,1,50,1,0,0,1.0,1,0,1
1030,2019,8,50,14,1,80455,1.027788,17,0,0
1030,2019,9,50,19,2,137895,1.040056,19,0,0
1030,2019,20,50,5,1,30399,1.007556,4,0,1
1030,2019,154,50,15,1,96654,1.031245,15,0,0
1030,2019,807,50,10,1,66181,1.023713,9,0,0
1030,2019,815,50,7,1,48223,1.020368,10,0,1
1030,2019,817,50,12,1,68331,1.024866,7,0,0
1030,2019,822,50,4,1,25801,1.014271,20,0,1
1030,2019,825,50,13,1,77209,1.028216,14,0,0
1030,2019,826,50,8,1,57521,1.026135,13,0,1
1030,2019,830,50,3,1,12247,1.003827,2,0,1
1030,2019,832,50,11,1,67472,1.023704,8,0,1
1030,2019,840,50,18,2,136305,1.033315,12,0,0
1030,2019,841,50,17,2,113505,1.034113,16,0,0
1030,2019,842,50,20,2,162562,1.022722,11,0,0
1030,2019,844,50,2,1,7466,1.002733,3,0,1
1030,2019,846,50,9,1,65068,1.021696,6,0,1
1030,2019,847,50,16,1,100031,1.038057,18,0,0
1030,2019,848,50,6,1,33954,1.011023,5,0,1
1030,2019,1,75,1,0,0,1.0,1,0,1
1030,2019,8,75,13,2,109463,1.027782,17,0,0
1030,2019,9,75,19,2,175015,1.038735,19,0,0
1030,2019,20,75,6,1,67045,1.007916,4,0,1
1030,2019,154,75,15,2,129554,1.028981,15,0,0
1030,2019,807,75,8,1,98038,1.0198,9,0,0
1030,2019,815,75,9,1,101072,1.021062,10,0,1
1030,2019,817,75,12,2,101082,1.021809,7,0,0
1030,2019,822,75,4,1,47849,1.005211,20,0,1
1030,2019,825,75,14,2,112803,1.027636,14,0,0
1030,2019,826,75,11,2,85135,1.0271,13,0,1
1030,2019,830,75,2,1,14167,1.004514,2,0,1
1030,2019,832,75,10,1,101816,1.021135,8,0,1
1030,2019,840,75,17,2,152445,1.025024,12,0,0
1030,2019,841,75,16,2,142732,1.028796,16,0,0
1030,2019,842,75,20,2,176691,1.021604,11,0,0
1030,2019,844,75,3,1,41966,1.00522,3,0,1
1030,2019,846,75,7,1,95637,1.020126,6,0,1
1030,2019,847,75,18,2,166519,1.039495,18,0,0
1030,2019,848,75,5,1,51580,1.009403,5,0,1
1031,2020,1,10,4,1,6654,1.002413,5,0,1
1031,2020,8,10,17,1,25463,1.035915,19,0,0
1031,2020,20,10,10,1,15763,1.017554,11,0,1
1031,2020,154,10,18,1,26578,1.03562,15,0,0
1031,2020,815,10,6,1,10394,1.01231,6,0,1
1031,2020,817,10,11,1,17477,1.021177,10,0,0
1031,2020,822,10,1,0,0,1.0,1,0,1
1031,2020,825,10,14,1,23992,1.03338,16,0,0
1031,2020,826,10,13,1,22913,1.030441,13,0,0
1031,2020,830,10,2,1,2884,1.000504,2,0,0
1031,2020,832,10,8,1,13226,1.013196,8,0,1
1031,2020,839,10,16,1,25088,1.034395,14,0,1
1031,2020,840,10,9,1,14668,1.016214,9,0,0
1031,2020,841,10,15,1,24563,1.034943,18,0,1
1031,2020,842,10,12,1,20585,1.028777,12,0,1
1031,2020,844,10,7,1,11973,1.01275,7,0,1
1031,2020,846,10,5,1,9453,1.012728,3,0,1
1031,2020,847,10,19,1,27585,1.039294,17,0,0
1031,2020,848,10,3,1,5962,1.004034,4,0,0
1031,2020,849,10,20,1,28469,1.037421,20,0,0
1031,2020,1,25,2,1,6699,1.001549,5,0,1
1031,2020,8,25,15,1,47149,1.033114,19,0,0
1031,2020,20,25,9,1,31573,1.020685,11,0,1
1031,2020,154,25,16,1,49186,1.035052,15,0,0
1031,2020,815,25,5,1,20556,1.013243,6,0,1
1031,2020,822,25,1,0,0,1.0,1,0,1
1031,2020,825,25,12,1,43957,1.030679,16,0,0
1031,2020,826,25,11,1,39262,1.023805,13,0,0
1031,2020,832,25,7,1,24258,1.014648,8,0,1
1031,2020,839,25,13,1,44864,1.032343,14,0,1
1031,2020,840,25,8,1,30865,1.020073,9,0,0
1031,2020,841,25,14,1,46334,1.031875,18,0,1
1031,2020,842,25,10,1,36121,1.023114,12,0,1
1031,2020,844,25,6,1,22459,1.01441,7,0,1
1031,2020,846,25,4,1,17911,1.012032,3,0,1
1031,2020,847,25,17,1,51657,1.034642,17,0,0
1031,2020,848,25,3,1,13662,1.006794,4,0,0
1031,2020,849,25,18,1,55240,1.036861,20,0,0
1031,2020,1,50,2,1,897,0.998733,5,0,1
1031,2020,8,50,13,1,18253,1.030283,19,0,0
1031,2020,20,50,15,1,22005,1.018983,11,0,1
1031,2020,154,50,14,1,21516,1.033682,15,0,0
1031,2020,815,50,4,1,6156,1.012012,6,0,1
1031,2020,822,50,1,0,0,1.0,1,0,1
1031,2020,826,50,9,1,14256,1.022267,13,0,0
1031,2020,832,50,7,1,10110,1.013769,8,0,1
1031,2020,839,50,10,1,15026,1.02921,14,0,1
1031,2020,841,50,11,1,16149,1.030304,18,0,1
1031,2020,842,50,8,1,12567,1.021554,12,0,1
1031,2020,844,50,6,1,9260,1.012675,7,0,1
1031,2020,846,50,5,1,8330,1.011083,3,0,1
1031,2020,847,50,12,1,17072,1.031759,17,0,0
1031,2020,848,50,3,1,4642,1.007374,4,0,0
1031,2020,849,50,16,1,34825,1.035734,20,0,0
1031,2020,1,75,2,1,1820,0.998311,5,0,1
1031,2020,20,75,12,1,17846,1.019724,11,0,1
1031,2020,815,75,3,1,3065,1.011273,6,0,1
1031,2020,822,75,1,0,0,1.0,1,0,1
1031,2020,826,75,11,1,14942,1.022048,13,0,0
1031,2020,832,75,9,1,12010,1.014477,8,0,1
1031,2020,839,75,8,1,11073,1.024459,14,0,1
1031,2020,841,75,10,1,13113,1.025714,18,0,1
1031,2020,842,75,7,1,10096,1.021182,12,0,1
1031,2020,844,75,6,1,7969,1.013135,7,0,1
1031,2020,846,75,5,1,5925,1.010725,3,0,1
1031,2020,848,75,4,1,4408,1.008054,4,0,0
1031,2020,849,75,13,1,25909,1.036042,20,0,0
1032,2020,1,10,1,0,0,1.0,1,0,1
1032,2020,8,10,17,1,20220,1.051384,16,0,0
1032,2020,154,10,15,1,18655,1.051072,,1,0
1032,2020,815,10,11,1,14392,1.035607,17,0,1
1032,2020,817,10,7,1,11474,1.036949,8,0,1
1032,2020,822,10,3,1,6497,1.025518,4,0,1
1032,2020,825,10,13,1,17035,1.047459,15,0,0
1032,2020,826,10,12,1,16004,1.047488,13,0,1
1032,2020,830,10,2,1,2031,1.004374,2,0,1
1032,2020,832,10,4,1,9320,1.030508,3,0,1
1032,2020,839,10,6,1,10845,1.032953,5,0,0
1032,2020,840,10,9,1,12936,1.038465,12,0,1
1032,2020,841,10,14,1,17554,1.048025,19,0,0
1032,2020,842,10,8,1,12406,1.03819,7,0,0
1032,2020,846,10,10,1,13609,1.044848,9,0,1
1032,2020,847,10,18,1,22293,1.097465,11,0,0
1032,2020,848,10,5,1,9957,1.028202,6,0,1
1032,2020,849,10,16,1,19719,1.053523,18,0,0
1032,2020,1,25,1,0,0,1.0,1,0,1
1032,2020,8,25,15,1,36160,1.026136,16,0,0
1032,2020,154,25,14,1,35594,1.02634,,1,0
1032,2020,815,25,10,1,29089,1.022131,17,0,1
1032,2020,817,25,7,1,25472,1.021972,8,0,1
1032,2020,822,25,3,1,6582,1.000916,4,0,1
1032,2020,825,25,16,1,38374,1.038063,15,0,0
1032,2020,826,25,12,1,32229,1.023062,13,0,1
1032,2020,830,25,2,1,3455,1.00165,2,0,1
1032,2020,832,25,5,1,22932,1.020932,3,0,1
1032,2020,839,25,6,1,24772,1.022204,5,0,0
1032,2020,840,25,8,1,27196,1.023541,12,0,1
1032,2020,841,25,13,1,33741,1.023876,19,0,0
1032,2020,842,25,9,1,28513,1.023556,7,0,0
1032,2020,846,25,11,1,30334,1.024036,9,0,1
1032,2020,847,25,18,1,42858,1.02969,11,0,0
1032,2020,848,25,4,1,20143,1.01442,6,0,1
1032,2020,849,25,17,1,41471,1.030737,18,0,0
1032,2020,1,50,1,0,0,1.0,1,0,1
1032,2020,8,50,10,1,44655,1.022106,16,0,0
1032,2020,154,50,13,1,48796,1.024673,,1,0
1032,2020,815,50,6,1,25418,1.015943,17,0,1
1032,2020,817,50,5,1,22076,1.016439,8,0,1
1032,2020,822,50,3,1,13100,1.00275,4,0,1
1032,2020,825,50,15,1,65053,1.025986,15,0,0
1032,2020,826,50,8,1,42404,1.025227,13,0,1
1032,2020,830,50,2,1,4833,1.003924,2,0,1
1032,2020,832,50,12,1,46461,1.017839,3,0,1
1032,2020,840,50,11,1,45118,1.018693,12,0,1
1032,2020,841,50,9,1,43691,1.024586,19,0,0
1032,2020,842,50,14,1,61150,1.026307,7,0,0
1032,2020,846,50,7,1,31134,1.023025,9,0,1
1032,2020,847,50,16,2,71176,1.032292,11,0,0
1032,2020,848,50,4,1,21269,1.015761,6,0,1
1032,2020,849,50,17,2,83023,1.03257,18,0,0
1032,2020,1,75,1,0,0,1.0,1,0,1
1032,2020,8,75,12,2,88875,1.023111,16,0,0
1032,2020,154,75,13,2,91660,1.023842,,1,0
1032,2020,815,75,5,1,49112,1.012089,17,0,1
1032,2020,817,75,6,1,55093,1.014326,8,0,1
1032,2020,822,75,3,1,13716,1.003947,4,0,1
1032,2020,825,75,14,2,92476,1.024295,15,0,0
1032,2020,826,75,10,2,85650,1.025304,13,0,1
1032,2020,830,75,2,1,5904,0.999291,2,0,1
1032,2020,832,75,8,1,59770,1.015335,3,0,1
1032,2020,840,75,7,1,55853,1.01445,12,0,1
1032,2020,841,75,11,2,87966,1.025348,19,0,0
1032,2020,842,75,17,2,111837,1.027321,7,0,0
1032,2020,846,75,9,1,62699,1.014721,9,0,1
1032,2020,847,75,16,2,110853,1.032481,11,0,0
1032,2020,848,75,4,1,47038,1.014531,6,0,1
1032,2020,849,75,15,2,110071,1.03216,18,0,0
1033,2020,1,10,1,0,0,1.0,1,0,1
1033,2020,8,10,15,1,31439,1.075783,20,0,0
1033,2020,20,10,8,1,21961,1.03629,5,0,1
1033,2020,154,10,4,1,16031,1.016204,,1,0
1033,2020,815,10,10,1,27362,1.042227,4,0,1
1033,2020,817,10,11,1,28402,1.055249,11,0,1
1033,2020,822,10,7,1,19604,1.018391,2,0,1
1033,2020,825,10,3,1,12388,1.009841,,1,1
1033,2020,826,10,13,1,30130,1.003969,17,0,0
1033,2020,830,10,2,1,7554,1.033578,7,0,1
1033,2020,832,10,12,1,29150,1.050745,9,0,1
1033,2020,839,10,16,1,31962,1.050876,14,0,0
1033,2020,840,10,5,1,16619,1.024864,3,0,1
1033,2020,841,10,19,1,43516,1.084268,19,0,0
1033,2020,842,10,14,1,30805,1.054528,10,0,0
1033,2020,844,10,6,1,19030,1.041112,6,0,0
1033,2020,846,10,18,1,34604,1.074121,8,0,0
1033,2020,847,10,17,1,33421,1.079556,12,0,0
1033,2020,848,10,9,1,23609,1.051761,13,0,1
1033,2020,849,10,20,2,152064,1.214713,15,0,0
1033,2020,1,25,1,0,0,1.0,1,0,1
1033,2020,8,25,14,1,62425,1.039371,20,0,0
1033,2020,20,25,9,1,47724,1.030611,5,0,1
1033,2020,154,25,6,1,40159,1.026252,,1,0
1033,2020,815,25,10,1,48539,1.024462,4,0,1
1033,2020,817,25,11,1,49225,1.023816,11,0,1
1033,2020,822,25,4,1,29672,1.013272,2,0,1
1033,2020,825,25,5,1,32398,1.029466,,1,1
1033,2020,826,25,13,1,61977,1.041076,17,0,0
1033,2020,830,25,2,1,11490,1.003982,7,0,1
1033,2020,832,25,12,1,50030,1.024833,9,0,1
1033,2020,839,25,15,1,66274,1.042829,14,0,0
1033,2020,840,25,3,1,27284,1.01396,3,0,1
1033,2020,841,25,18,1,78043,1.039688,19,0,0
1033,2020,844,25,7,1,46524,1.030233,6,0,0
1033,2020,846,25,16,1,67055,1.039554,8,0,0
1033,2020,847,25,17,1,72659,1.045295,12,0,0
1033,2020,848,25,8,1,47052,1.027883,13,0,1
1033,2020,849,25,19,3,185471,1.051248,15,0,0
1033,2020,1,50,1,0,0,1.0,1,0,1
1033,2020,8,50,13,2,96430,1.031783,20,0,0
1033,2020,20,50,11,2,86512,1.026316,5,0,1
1033,2020,154,50,10,2,79012,1.02502,,1,0
1033,2020,815,50,6,1,72337,1.022143,4,0,1
1033,2020,817,50,8,1,76260,1.022045,11,0,1
1033,2020,822,50,4,1,55701,1.006117,2,0,1
1033,2020,825,50,5,1,64866,1.021715,,1,1
1033,2020,826,50,15,2,103351,1.032902,17,0,0
1033,2020,830,50,2,1,19332,1.00657,7,0,1
1033,2020,832,50,9,1,80192,1.022131,9,0,1
1033,2020,839,50,17,2,116509,1.033421,14,0,0
1033,2020,840,50,3,1,37422,1.008001,3,0,1
1033,2020,841,50,18,2,126900,1.03602,19,0,0
1033,2020,844,50,12,2,94401,1.032333,6,0,0
1033,2020,846,50,14,2,97191,1.031789,8,0,0
1033,2020,847,50,16,2,116044,1.038447,12,0,0
1033,2020,848,50,7,1,72822,1.021409,13,0,1
1033,2020,849,50,19,4,252370,1.03938,15,0,0
1033,2020,1,75,1,0,0,1.0,1,0,1
1033,2020,8,75,16,2,129787,1.021633,20,0,0
1033,2020,20,75,5,1,73627,1.013893,5,0,1
1033,2020,154,75,15,2,115896,1.025353,,1,0
1033,2020,815,75,7,1,78352,1.012286,4,0,1
1033,2020,817,75,8,2,83626,1.016057,11,0,1
1033,2020,822,75,3,1,40670,1.004819,2,0,1
1033,2020,825,75,9,2,91140,1.021781,,1,1
1033,2020,826,75,12,2,101165,1.009591,17,0,0
1033,2020,830,75,2,1,22601,1.004696,7,0,1
1033,2020,832,75,11,2,96012,1.017295,9,0,1
1033,2020,839,75,13,2,107183,1.02202,14,0,0
1033,2020,840,75,4,1,54253,1.007345,3,0,1
1033,2020,841,75,17,2,147897,1.02091,19,0,0
1033,2020,844,75,10,2,95155,1.014641,6,0,0
1033,2020,846,75,14,2,109015,1.024973,8,0,0
1033,2020,847,75,18,2,149625,1.027388,12,0,0
1033,2020,848,75,6,1,75461,1.017645,13,0,1
1033,2020,849,75,19,5,372030,1.039088,15,0,0
1034,2020,1,10,1,0,0,1.0,1,0,1
1034,2020,8,10,16,1,8471,0.992224,16,0,0
1034,2020,20,10,10,1,4528,0.967032,10,0,1
1034,2020,154,10,15,1,8134,0.989329,17,0,0
1034,2020,817,10,6,1,3088,0.97648,8,0,1
1034,2020,822,10,2,1,709,0.996877,2,0,0
1034,2020,826,10,14,1,7244,0.982825,19,0,0
1034,2020,830,10,3,1,1747,0.996002,3,0,1
1034,2020,832,10,5,1,2741,0.982625,7,0,0
1034,2020,839,10,9,1,4000,0.966436,9,0,1
1034,2020,840,10,8,1,3734,0.970538,6,0,1
1034,2020,841,10,13,1,6231,0.97861,15,0,0
1034,2020,842,10,11,1,4824,0.972919,11,0,1
1034,2020,844,10,4,1,2528,0.991432,4,0,1
1034,2020,846,10,7,1,3325,0.97376,5,0,1
1034,2020,847,10,17,1,8838,0.99574,20,0,0
1034,2020,848,10,12,1,5612,0.974388,12,0,1
1034,2020,849,10,18,1,9461,0.997694,18,0,0
1034,2020,1,25,1,0,0,1.0,1,0,1
1034,2020,8,25,13,1,39868,1.04074,16,0,0
1034,2020,20,25,10,1,31579,1.045655,10,0,1
1034,2020,154,25,14,1,40304,1.039387,17,0,0
1034,2020,817,25,5,1,26179,1.035583,8,0,1
1034,2020,822,25,2,1,1625,1.001056,2,0,0
1034,2020,830,25,3,1,6153,1.011172,3,0,1
1034,2020,832,25,6,1,26495,1.030305,7,0,0
1034,2020,839,25,9,1,31049,1.047755,9,0,1
1034,2020,840,25,8,1,30558,1.044204,6,0,1
1034,2020,841,25,12,1,34226,1.044621,15,0,0
1034,2020,842,25,11,1,33283,1.048745,11,0,1
1034,2020,844,25,4,1,19735,1.030261,4,0,1
1034,2020,846,25,7,1,28534,1.041762,5,0,1
1034,2020,847,25,15,1,40517,1.045215,20,0,0
1034,2020,848,25,17,1,56681,1.192285,12,0,1
1034,2020,849,25,16,1,46629,1.048481,18,0,0
1034,2020,1,50,1,0,0,1.0,1,0,1
1034,2020,8,50,15,1,30676,1.048376,16,0,0
1034,2020,20,50,11,1,24944,1.050587,10,0,1
1034,2020,154,50,7,1,22297,1.038049,17,0,0
1034,2020,817,50,8,1,22799,1.042305,8,0,1
1034,2020,822,50,2,1,2028,1.000885,2,0,0
1034,2020,830,50,3,1,7135,1.011719,3,0,1
1034,2020,832,50,5,1,19475,1.034733,7,0,0
1034,2020,839,50,10,1,24166,1.044642,9,0,1
1034,2020,840,50,9,1,23417,1.045104,6,0,1
1034,2020,841,50,12,1,25667,1.049201,15,0,0
1034,2020,842,50,13,1,26197,1.052363,11,0,1
1034,2020,844,50,4,1,15337,1.030042,4,0,1
1034,2020,846,50,6,1,21410,1.040749,5,0,1
1034,2020,847,50,16,1,31402,1.057609,20,0,0
1034,2020,848,50,14,1,26809,1.125364,12,0,1
1034,2020,849,50,17,1,32151,1.058583,18,0,0
1034,2020,1,75,1,0,0,1.0,1,0,1
1034,2020,8,75,15,1,64680,1.034923,16,0,0
1034,2020,20,75,11,1,50729,1.030043,10,0,1
1034,2020,154,75,17,1,73428,1.034259,17,0,0
1034,2020,817,75,7,1,42962,1.026756,8,0,1
1034,2020,822,75,2,1,1988,1.001494,2,0,0
1034,2020,830,75,3,1,12307,1.008022,3,0,1
1034,2020,832,75,5,1,39009,1.024953,7,0,0
1034,2020,839,75,9,1,46656,1.029943,9,0,1
1034,2020,840,75,8,1,45789,1.026878,6,0,1
1034,2020,841,75,12,1,53555,1.034015,15,0,0
1034,2020,842,75,10,1,49654,1.028582,11,0,1
1034,2020,844,75,4,1,34929,1.020051,4,0,1
1034,2020,846,75,6,1,41115,1.026424,5,0,1
1034,2020,847,75,13,1,56047,1.034923,20,0,0
1034,2020,848,75,16,1,65436,1.022529,12,0,1
1034,2020,849,75,14,1,61451,1.034735,18,0,0
1035,2020,1,10,2,1,1569,1.000486,2,0,1
1035,2020,8,10,19,1,27388,1.038675,20,0,0
1035,2020,20,10,18,1,26536,1.038441,11,0,0
1035,2020,154,10,16,1,25221,1.040253,13,0,0
1035,2020,807,10,4,1,7824,1.013552,3,0,1
1035,2020,817,10,6,1,11776,1.019867,5,0,0
1035,2020,822,10,1,0,0,1.0,1,0,1
1035,2020,825,10,14,1,23727,1.039658,17,0,0
1035,2020,826,10,13,1,21680,1.034707,16,0,1
1035,2020,830,10,3,1,3891,1.004798,4,0,1
1035,2020,832,10,11,1,18365,1.027465,12,0,0
1035,2020,839,10,12,1,19717,1.0289,14,0,1
1035,2020,840,10,5,1,9633,1.017335,6,0,1
1035,2020,841,10,15,1,24483,1.039008,19,0,0
1035,2020,842,10,7,1,13068,1.021952,7,0,0
1035,2020,844,10,10,1,16362,1.024097,8,0,1
1035,2020,846,10,8,1,14664,1.024343,10,0,1
1035,2020,847,10,17,1,25837,1.042731,15,0,0
1035,2020,848,10,9,1,15401,1.023398,9,0,1
1035,2020,849,10,20,1,28415,1.041764,18,0,0
1035,2020,1,25,2,1,1872,0.999762,2,0,1
1035,2020,8,25,15,1,39895,1.023264,20,0,0
1035,2020,20,25,13,1,35387,1.019383,11,0,0
1035,2020,154,25,12,1,34587,1.020529,13,0,0
1035,2020,807,25,4,1,11061,1.004962,3,0,1
1035,2020,817,25,6,1,15418,1.008508,5,0,0
1035,2020,822,25,1,0,0,1.0,1,0,1
1035,2020,825,25,19,1,53213,1.023102,17,0,0
1035,2020,826,25,11,1,31208,1.016702,16,0,1
1035,2020,830,25,3,1,2702,0.9964,4,0,1
1035,2020,832,25,9,1,24168,1.012929,12,0,0
1035,2020,839,25,10,1,30160,1.018616,14,0,1
1035,2020,840,25,5,1,13529,1.007113,6,0,1
1035,2020,841,25,17,1,50108,1.022799,19,0,0
1035,2020,842,25,14,1,37958,1.011254,7,0,0
1035,2020,844,25,8,1,19952,1.007438,8,0,1
1035,2020,846,25,7,1,18186,1.009232,10,0,1
1035,2020,847,25,18,1,50888,1.022086,15,0,0
1035,2020,848,25,16,1,40411,1.014043,9,0,1
1035,2020,849,25,20,1,54214,1.023988,18,0,0
1035,2020,1,50,3,1,23039,1.004,2,0,1
1035,2020,8,50,14,1,66173,1.023063,20,0,0
1035,2020,20,50,13,1,63174,1.015368,11,0,0
1035,2020,154,50,17,1,75264,1.018308,13,0,0
1035,2020,807,50,4,1,34327,1.005815,3,0,1
1035,2020,817,50,6,1,40827,1.008005,5,0,0
1035,2020,822,50,2,1,18312,1.000554,1,0,1
1035,2020,825,50,20,2,95717,1.023108,17,0,0
1035,2020,826,50,11,1,59846,1.014178,16,0,1
1035,2020,830,50,1,0,0,1.0,4,0,1
1035,2020,832,50,12,1,61293,1.01214,12,0,0
1035,2020,839,50,10,1,58933,1.017026,14,0,1
1035,2020,840,50,5,1,36305,1.00688,6,0,1
1035,2020,841,50,15,1,72748,1.02002,19,0,0
1035,2020,842,50,18,1,79433,1.016759,7,0,0
1035,2020,844,50,7,1,42952,1.009396,8,0,1
1035,2020,846,50,8,1,49356,1.012781,10,0,1
1035,2020,847,50,19,1,89286,1.01865,15,0,0
1035,2020,848,50,9,1,50639,1.016037,9,0,1
1035,2020,849,50,16,1,73680,1.019156,18,0,0
1035,2020,1,75,1,0,0,1.0,2,0,1
1035,2020,8,75,15,1,80015,1.01972,20,0,0
1035,2020,20,75,12,1,68395,1.007694,11,0,0
1035,2020,154,75,14,1,76296,1.016879,13,0,0
1035,2020,807,75,5,1,29511,1.004603,3,0,1
1035,2020,817,75,16,1,80241,1.009316,5,0,0
1035,2020,822,75,3,1,13251,1.000642,1,0,1
1035,2020,825,75,20,2,113023,1.021923,17,0,0
1035,2020,826,75,10,1,64723,1.010578,16,0,1
1035,2020,830,75,2,1,10542,0.998596,4,0,1
1035,2020,832,75,13,1,68991,1.010513,12,0,0
1035,2020,839,75,8,1,54457,1.012537,14,0,1
1035,2020,840,75,6,1,31336,1.005354,6,0,1
1035,2020,841,75,19,2,93948,1.019005,19,0,0
1035,2020,842,75,11,1,67386,1.014779,7,0,0
1035,2020,844,75,4,1,15250,0.998781,8,0,1
1035,2020,846,75,9,1,58476,1.009403,10,0,1
1035,2020,847,75,17,1,82779,1.015323,15,0,0
1035,2020,848,75,7,1,46233,1.004146,9,0,1
1035,2020,849,75,18,1,83668,1.014061,18,0,0
1036,2020,1,10,1,0,0,1.0,1,0,1
1036,2020,8,10,15,1,20867,1.018882,14,0,0
1036,2020,20,10,11,1,16904,1.015715,11,0,1
1036,2020,154,10,18,1,24892,1.031266,17,0,0
1036,2020,815,10,5,1,7715,1.006109,4,0,1
1036,2020,817,10,13,1,18900,1.018043,13,0,0
1036,2020,822,10,3,1,3867,1.003758,2,0,1
1036,2020,825,10,14,1,19980,1.017913,16,0,0
1036,2020,826,10,12,1,17778,1.015645,12,0,0
1036,2020,830,10,2,1,1660,0.999894,3,0,1
1036,2020,832,10,7,1,11160,1.010245,7,0,1
1036,2020,839,10,16,1,22002,1.019095,15,0,0
1036,2020,840,10,4,1,6313,1.006605,5,0,1
1036,2020,841,10,19,1,26111,1.025783,20,0,0
1036,2020,842,10,8,1,12165,1.010965,10,0,1
1036,2020,844,10,9,1,13083,1.011934,9,0,0
1036,2020,846,10,10,1,15700,1.016637,8,0,1
1036,2020,847,10,17,1,23226,1.018173,18,0,0
1036,2020,848,10,6,1,8788,1.00722,6,0,1
1036,2020,849,10,20,1,29615,1.033629,19,0,0
1036,2020,1,25,1,0,0,1.0,1,0,1
1036,2020,8,25,15,1,44895,1.022293,14,0,0
1036,2020,20,25,11,1,35475,1.0163,11,0,1
1036,2020,154,25,18,1,50799,1.025491,17,0,0
1036,2020,815,25,5,1,22541,1.012163,4,0,1
1036,2020,817,25,13,1,39960,1.020165,13,0,0
1036,2020,822,25,3,1,7041,0.99849,2,0,1
1036,2020,825,25,14,1,43723,1.021829,16,0,0
1036,2020,826,25,12,1,37038,1.016931,12,0,0
1036,2020,830,25,2,1,4443,1.000285,3,0,1
1036,2020,832,25,7,1,27315,1.01296,7,0,1
1036,2020,839,25,16,1,45759,1.022531,15,0,0
1036,2020,840,25,4,1,20737,1.010356,5,0,1
1036,2020,841,25,19,1,52658,1.025301,20,0,0
1036,2020,842,25,8,1,29078,1.013685,10,0,1
1036,2020,844,25,9,1,30465,1.014279,9,0,0
1036,2020,846,25,10,1,33301,1.015623,8,0,1
1036,2020,847,25,17,1,48603,1.023827,18,0,0
1036,2020,848,25,6,1,25842,1.013887,6,0,1
1036,2020,849,25,20,1,57865,1.029938,19,0,0
1036,2020,1,50,1,0,0,1.0,1,0,1
1036,2020,8,50,16,1,72560,1.027004,14,0,0
1036,2020,20,50,14,1,65021,1.022866,11,0,1
1036,2020,154,50,19,1,80155,1.030795,17,0,0
1036,2020,815,50,6,1,50762,1.019912,4,0,1
1036,2020,817,50,4,1,47416,1.022411,13,0,0
1036,2020,822,50,3,1,6277,1.002129,2,0,1
1036,2020,825,50,18,1,78884,1.026741,16,0,0
1036,2020,826,50,13,1,59840,1.022304,12,0,0
1036,2020,830,50,2,1,3859,1.001686,3,0,1
1036,2020,832,50,7,1,52046,1.020223,7,0,1
1036,2020,839,50,8,1,55923,1.026238,15,0,0
1036,2020,840,50,5,1,49305,1.018788,5,0,1
1036,2020,841,50,17,1,77226,1.030663,20,0,0
1036,2020,842,50,10,1,57275,1.019721,10,0,1
1036,2020,844,50,12,1,58570,1.020223,9,0,0
1036,2020,846,50,11,1,58101,1.019673,8,0,1
1036,2020,847,50,15,1,70428,1.02643,18,0,0
1036,2020,848,50,9,1,56609,1.021168,6,0,1
1036,2020,849,50,20,2,99149,1.034769,19,0,0
1036,2020,1,75,1,0,0,1.0,1,0,1
1036,2020,8,75,18,2,133165,1.030227,14,0,0
1036,2020,20,75,5,2,91688,1.02589,11,0,1
1036,2020,154,75,16,2,126152,1.033554,17,0,0
1036,2020,815,75,4,2,84519,1.022718,4,0,1
1036,2020,817,75,11,2,110120,1.026634,13,0,0
1036,2020,822,75,3,1,38881,1.004902,2,0,1
1036,2020,825,75,13,2,119731,1.030419,16,0,0
1036,2020,826,75,12,2,110856,1.02416,12,0,0
1036,2020,830,75,2,1,31757,1.004181,3,0,1
1036,2020,832,75,7,2,98384,1.023259,7,0,1
1036,2020,839,75,14,2,123463,1.028893,15,0,0
1036,2020,840,75,6,2,95165,1.020303,5,0,1
1036,2020,841,75,19,2,139349,1.034564,20,0,0
1036,2020,842,75,9,2,102624,1.023859,10,0,1
1036,2020,846,75,10,2,103504,1.023439,8,0,1
1036,2020,847,75,15,2,124802,1.026707,18,0,0
1036,2020,848,75,8,2,100954,1.024424,6,0,1
1036,2020,849,75,17,2,132751,1.033987,19,0,0
1037,2020,1,10,1,0,0,1.0,1,0,1
1037,2020,8,10,15,1,19267,1.023965,16,0,0
1037,2020,20,10,13,1,17394,1.019131,14,0,0
1037,2020,154,10,18,1,22132,1.029735,17,0,0
1037,2020,815,10,9,1,13426,1.019013,8,0,1
1037,2020,817,10,4,1,6768,1.010921,4,0,1
1037,2020,822,10,2,1,1128,0.998857,2,0,1
1037,2020,825,10,16,1,20585,1.029961,20,0,0
1037,2020,826,10,12,1,16375,1.019548,11,0,0
1037,2020,830,10,3,1,3455,1.002957,3,0,1
1037,2020,839,10,5,1,8799,1.01221,6,0,1
1037,2020,840,10,7,1,11292,1.015992,9,0,1
1037,2020,841,10,14,1,18409,1.022913,18,0,0
1037,2020,842,10,8,1,12075,1.015067,12,0,1
1037,2020,844,10,10,1,14466,1.025226,13,0,0
1037,2020,846,10,11,1,15593,1.019122,10,0,1
1037,2020,847,10,17,1,21183,1.026986,15,0,0
1037,2020,848,10,6,1,9664,1.013779,5,0,1
1037,2020,849,10,19,1,22998,1.029236,19,0,0
1037,2020,1,25,1,0,0,1.0,1,0,1
1037,2020,8,25,14,1,46327,1.026283,16,0,0
1037,2020,20,25,12,1,39728,1.021965,14,0,0
1037,2020,154,25,15,1,52105,1.027702,17,0,0
1037,2020,815,25,9,1,27005,1.016683,8,0,1
1037,2020,817,25,4,1,14167,1.010446,4,0,1
1037,2020,822,25,2,1,2282,1.000073,2,0,1
1037,2020,825,25,16,1,57448,1.032293,20,0,0
1037,2020,826,25,11,1,35197,1.021856,11,0,0
1037,2020,830,25,3,1,6606,1.003218,3,0,1
1037,2020,839,25,5,1,16870,1.012592,6,0,1
1037,2020,840,25,7,1,22419,1.016392,9,0,1
1037,2020,842,25,8,1,24849,1.016456,12,0,1
1037,2020,844,25,13,1,40836,1.027547,13,0,0
1037,2020,846,25,10,1,31955,1.020574,10,0,1
1037,2020,848,25,6,1,18285,1.013846,5,0,1
1037,2020,849,25,17,1,60429,1.029984,19,0,0
1037,2020,1,50,1,0,0,1.0,1,0,1
1037,2020,8,50,11,1,26456,1.023609,16,0,0
1037,2020,20,50,12,1,27585,1.022603,14,0,0
1037,2020,154,50,14,1,29947,1.02496,17,0,0
1037,2020,815,50,17,1,34448,1.021206,8,0,1
1037,2020,817,50,4,1,16889,1.011506,4,0,1
1037,2020,822,50,2,1,2996,1.000296,2,0,1
1037,2020,825,50,15,1,31686,1.028691,20,0,0
1037,2020,826,50,10,1,25671,1.022194,11,0,0
1037,2020,830,50,3,1,4351,1.003717,3,0,1
1037,2020,839,50,7,1,20613,1.014445,6,0,1
1037,2020,840,50,8,1,22414,1.017134,9,0,1
1037,2020,842,50,5,1,18602,1.016739,12,0,1
1037,2020,844,50,13,1,28452,1.023941,13,0,0
1037,2020,846,50,9,1,24419,1.019396,10,0,1
1037,2020,848,50,6,1,19576,1.014291,5,0,1
1037,2020,849,50,16,1,33022,1.029906,19,0,0
1037,2020,1,75,1,0,0,1.0,1,0,1
1037,2020,8,75,10,1,47419,1.027276,16,0,0
1037,2020,20,75,13,1,52679,1.03049,14,0,0
1037,2020,154,75,14,1,55775,1.030085,17,0,0
1037,2020,815,75,11,1,48161,1.028308,8,0,1
1037,2020,817,75,4,1,25021,1.017856,4,0,1
1037,2020,822,75,2,1,4407,1.002376,2,0,1
1037,2020,825,75,15,1,58916,1.033787,20,0,0
1037,2020,826,75,9,1,45725,1.024532,11,0,0
1037,2020,830,75,3,1,8223,1.002182,3,0,1
1037,2020,839,75,6,1,34048,1.022331,6,0,1
1037,2020,840,75,7,1,39183,1.026678,9,0,1
1037,2020,842,75,12,1,50282,1.027985,12,0,1
1037,2020,844,75,16,1,62126,1.032268,13,0,0
1037,2020,846,75,8,1,40816,1.026604,10,0,1
1037,2020,848,75,5,1,30285,1.021595,5,0,1
1037,2020,849,75,17,1,76606,1.039828,19,0,0
1038,2020,1,10,1,0,0,1.0,1,0,1
1038,2020,8,10,12,1,13239,1.013908,14,0,0
1038,2020,20,10,17,1,20462,1.027312,17,0,0
1038,2020,154,10,16,1,17488,1.020502,16,0,0
1038,2020,815,10,4,1,6208,1.007279,4,0,1
1038,2020,817,10,5,1,7043,1.007355,7,0,1
1038,2020,822,10,6,1,7472,1.006834,2,0,1
1038,2020,825,10,20,1,54115,1.0121,15,0,0
1038,2020,826,10,11,1,11859,1.010953,11,0,1
1038,2020,830,10,7,1,8064,1.005342,5,0,0
1038,2020,832,10,2,1,2843,1.003979,3,0,1
1038,2020,839,10,9,1,10388,1.010941,12,0,1
1038,2020,840,10,8,1,9490,1.007571,8,0,1
1038,2020,841,10,15,1,16309,1.02362,18,0,0
1038,2020,842,10,10,1,11103,1.011,10,0,1
1038,2020,844,10,13,1,14345,1.015429,13,0,0
1038,2020,846,10,3,1,4890,1.006085,6,0,1
1038,2020,847,10,18,1,20481,1.024147,19,0,0
1038,2020,848,10,14,1,15210,1.014774,9,0,0
1038,2020,849,10,19,1,21885,1.027833,20,0,0
1038,2020,1,25,1,0,0,1.0,1,0,1
1038,2020,8,25,12,1,23253,1.014615,14,0,0
1038,2020,154,25,16,1,31009,1.019324,16,0,0
1038,2020,815,25,4,1,13627,1.009965,4,0,1
1038,2020,817,25,5,1,14577,1.010393,7,0,1
1038,2020,822,25,6,1,15688,1.011004,2,0,1
1038,2020,825,25,19,1,63147,1.01091,15,0,0
1038,2020,826,25,11,1,21397,1.012296,11,0,1
1038,2020,830,25,7,1,16451,1.010305,5,0,0
1038,2020,832,25,2,1,8196,1.007175,3,0,1
1038,2020,839,25,9,1,19153,1.011973,12,0,1
1038,2020,840,25,8,1,18025,1.011685,8,0,1
1038,2020,841,25,15,1,28901,1.01788,18,0,0
1038,2020,842,25,10,1,20655,1.012813,10,0,1
1038,2020,844,25,13,1,26018,1.016441,13,0,0
1038,2020,846,25,3,1,12207,1.009683,6,0,1
1038,2020,847,25,17,1,33501,1.020769,19,0,0
1038,2020,848,25,14,1,27281,1.017528,9,0,0
1038,2020,849,25,18,1,36348,1.024727,20,0,0
1038,2020,1,50,1,0,0,1.0,1,0,1
1038,2020,8,50,4,1,6207,1.01635,14,0,0
1038,2020,154,50,17,1,35106,1.022415,16,0,0
1038,2020,815,50,14,1,28471,1.011155,4,0,1
1038,2020,817,50,10,1,20422,1.012295,7,0,1
1038,2020,822,50,8,1,16263,1.012248,2,0,1
1038,2020,826,50,13,1,26743,1.015833,11,0,1
1038,2020,830,50,11,1,22564,1.014011,5,0,0
1038,2020,832,50,6,1,9540,1.008463,3,0,1
1038,2020,839,50,12,1,24260,1.014646,12,0,1
1038,2020,840,50,2,1,1763,1.012636,8,0,1
1038,2020,841,50,5,1,7993,1.019571,18,0,0
1038,2020,842,50,3,1,3670,1.015127,10,0,1
1038,2020,846,50,7,1,13952,1.010849,6,0,1
1038,2020,847,50,15,1,30177,1.023132,19,0,0
1038,2020,848,50,16,1,32073,1.019042,9,0,0
1038,2020,849,50,9,1,18009,1.028915,20,0,0
1038,2020,1,75,15,1,23693,0.985393,1,0,1
1038,2020,8,75,7,1,13387,1.001565,14,0,0
1038,2020,154,75,12,1,21166,1.005988,16,0,0
1038,2020,815,75,10,1,15535,0.996406,4,0,1
1038,2020,817,75,6,1,11430,0.997397,7,0,1
1038,2020,822,75,5,1,10390,0.997687,2,0,1
1038,2020,826,75,9,1,14825,0.999536,11,0,1
1038,2020,832,75,2,1,3300,0.993954,3,0,1
1038,2020,839,75,8,1,13959,0.998725,12,0,1
1038,2020,840,75,3,1,5888,0.997925,8,0,1
1038,2020,841,75,16,1,45254,1.004788,18,0,0
1038,2020,842,75,1,0,0,1.0,10,0,1
1038,2020,846,75,4,1,9112,0.99563,6,0,1
1038,2020,847,75,13,1,21521,1.004533,19,0,0
1038,2020,848,75,14,1,23277,1.003153,9,0,0
1038,2020,849,75,11,1,18362,1.00961,20,0,0
1039,2020,1,10,2,1,1660,0.999436,1,0,1
1039,2020,8,10,14,1,22340,0.990826,13,0,1
1039,2020,20,10,15,1,23769,0.987657,14,0,1
1039,2020,154,10,13,1,20954,0.98908,15,0,0
1039,2020,815,10,7,1,7025,1.002985,7,0,1
1039,2020,817,10,6,1,6531,1.0052,8,0,1
1039,2020,822,10,1,0,0,1.0,2,0,1
1039,2020,826,10,9,1,11205,1.002263,12,0,1
1039,2020,839,10,10,1,13266,1.004058,10,0,0
1039,2020,840,10,5,1,4584,1.001102,6,0,0
1039,2020,844,10,3,1,2539,1.000704,5,0,1
1039,2020,846,10,8,1,8754,1.002241,11,0,1
1039,2020,847,10,11,1,14432,1.002598,18,0,0
1039,2020,848,10,4,1,3544,1.001076,4,0,1
1039,2020,849,10,12,1,17407,1.001117,19,0,0
1039,2020,1,25,1,0,0,1.0,1,0,1
1039,2020,8,25,11,1,19903,0.95913,13,0,1
1039,2020,20,25,12,1,20536,0.950057,14,0,1
1039,2020,154,25,13,1,22355,0.975339,15,0,0
1039,2020,815,25,5,1,9545,0.99184,7,0,1
1039,2020,817,25,6,1,9838,0.993867,8,0,1
1039,2020,822,25,2,1,1538,0.998317,2,0,1
1039,2020,826,25,9,1,15299,0.994667,12,0,1
1039,2020,840,25,4,1,7952,0.99831,6,0,0
1039,2020,844,25,3,1,7108,0.997808,5,0,1
1039,2020,846,25,8,1,13641,0.99267,11,0,1
1039,2020,847,25,10,1,17993,0.998564,18,0,0
1039,2020,848,25,7,1,11133,0.998123,4,0,1
1039,2020,1,50,1,0,0,1.0,1,0,1
1039,2020,8,50,13,2,88486,1.028322,13,0,1
1039,2020,20,50,11,1,75341,1.028732,14,0,1
1039,2020,154,50,12,2,78255,1.033256,15,0,0
1039,2020,815,50,8,1,55892,1.023293,7,0,1
1039,2020,817,50,5,1,40257,1.011148,8,0,1
1039,2020,822,50,2,1,4266,1.00081,2,0,1
1039,2020,826,50,9,1,57660,1.022176,12,0,1
1039,2020,840,50,3,1,19653,1.010464,6,0,0
1039,2020,844,50,7,1,55265,1.02259,5,0,1
1039,2020,846,50,6,1,53383,1.017211,11,0,1
1039,2020,847,50,10,1,66832,1.02537,18,0,0
1039,2020,848,50,4,1,21598,1.009305,4,0,1
1039,2020,1,75,1,0,0,1.0,1,0,1
1039,2020,8,75,11,2,140479,1.027032,13,0,1
1039,2020,20,75,10,1,98119,1.025632,14,0,1
1039,2020,154,75,12,2,150333,1.034244,15,0,0
1039,2020,815,75,5,1,54325,1.016948,7,0,1
1039,2020,817,75,3,1,32426,1.00771,8,0,1
1039,2020,822,75,2,1,12282,1.001576,2,0,1
1039,2020,826,75,7,1,75730,1.019582,12,0,1
1039,2020,844,75,8,1,81716,1.019017,5,0,1
1039,2020,846,75,6,1,63849,1.016022,11,0,1
1039,2020,847,75,9,1,95624,1.024814,18,0,0
1039,2020,848,75,4,1,37947,1.01097,4,0,1
1040,2020,1,10,1,0,0,1.0,1,0,1
1040,2020,8,10,15,1,8329,0.99537,19,0,0
1040,2020,20,10,13,1,7392,0.993052,14,0,0
1040,2020,154,10,10,1,5689,0.990078,16,0,0
1040,2020,815,10,6,1,3535,0.993874,4,0,1
1040,2020,817,10,5,1,2920,0.995416,5,0,1
1040,2020,822,10,2,1,823,0.996504,3,0,1
1040,2020,825,10,9,1,5020,0.99315,18,0,0
1040,2020,826,10,11,1,6477,0.991825,11,0,1
1040,2020,830,10,3,1,1502,0.996726,2,0,1
1040,2020,839,10,4,1,2203,0.994711,7,0,1
1040,2020,841,10,12,1,7010,0.994137,17,0,0
1040,2020,842,10,7,1,4070,0.9922,9,0,1
1040,2020,844,10,8,1,4439,0.993415,10,0,1
1040,2020,846,10,18,1,9600,0.993851,8,0,0
1040,2020,847,10,16,1,8710,0.993112,13,0,0
1040,2020,848,10,17,1,9147,0.990803,15,0,1
1040,2020,849,10,14,1,7864,0.995297,20,0,0
1040,2020,1,25,1,0,0,1.0,1,0,1
1040,2020,8,25,14,1,29953,1.032934,19,0,0
1040,2020,20,25,13,1,25643,1.021936,14,0,0
1040,2020,154,25,11,1,23634,1.021443,16,0,0
1040,2020,815,25,6,1,7923,1.003204,4,0,1
1040,2020,817,25,5,1,7163,1.003485,5,0,1
1040,2020,822,25,2,1,1857,0.999556,3,0,1
1040,2020,825,25,10,1,20811,1.017233,18,0,0
1040,2020,826,25,9,1,18885,1.016573,11,0,1
1040,2020,830,25,3,1,3156,0.999965,2,0,1
1040,2020,839,25,4,1,5938,1.002184,7,0,1
1040,2020,841,25,12,1,24969,1.021369,17,0,0
1040,2020,842,25,7,1,10817,1.005856,9,0,1
1040,2020,844,25,8,1,14203,1.010337,10,0,1
1040,2020,846,25,17,1,38406,1.038982,8,0,0
1040,2020,847,25,18,1,41484,1.042098,13,0,0
1040,2020,848,25,16,1,36320,1.039312,15,0,1
1040,2020,849,25,15,1,34087,1.031933,20,0,0
1040,2020,1,50,5,1,35933,1.000576,1,0,1
1040,2020,8,50,10,1,56441,1.020734,19,0,0
1040,2020,20,50,7,1,49836,1.021499,14,0,0
1040,2020,154,50,15,1,68192,1.021579,16,0,0
1040,2020,815,50,6,1,40065,1.00853,4,0,1
1040,2020,817,50,8,1,50671,1.008262,5,0,1
1040,2020,822,50,1,0,0,1.0,3,0,1
1040,2020,825,50,14,1,64279,1.016534,18,0,0
1040,2020,826,50,3,1,30197,1.009563,11,0,1
1040,2020,830,50,4,1,30778,1.003803,2,0,1
1040,2020,839,50,9,1,52111,1.00852,7,0,1
1040,2020,841,50,16,1,70344,1.021916,17,0,0
1040,2020,842,50,12,1,58194,1.011579,9,0,1
1040,2020,844,50,2,1,26883,1.011757,10,0,1
1040,2020,846,50,13,1,60785,1.01561,8,0,0
1040,2020,847,50,18,1,90426,1.035819,13,0,0
1040,2020,848,50,11,1,57345,1.016067,15,0,1
1040,2020,849,50,17,1,87225,1.031122,20,0,0
1040,2020,1,75,3,1,21192,1.005003,1,0,1
1040,2020,8,75,16,1,93771,1.029513,19,0,0
1040,2020,20,75,15,1,85967,1.030116,14,0,0
1040,2020,154,75,13,1,83529,1.022733,16,0,0
1040,2020,815,75,4,1,30797,1.011025,4,0,1
1040,2020,817,75,5,1,41461,1.016073,5,0,1
1040,2020,822,75,1,0,0,1.0,3,0,1
1040,2020,825,75,11,1,76024,1.022597,18,0,0
1040,2020,826,75,8,1,56083,1.015671,11,0,1
1040,2020,830,75,2,1,11098,1.007142,2,0,1
1040,2020,839,75,7,1,54948,1.019202,7,0,1
1040,2020,841,75,14,1,84118,1.022316,17,0,0
1040,2020,842,75,9,1,62375,1.021291,9,0,1
1040,2020,844,75,6,1,47831,1.016962,10,0,1
1040,2020,846,75,10,1,73420,1.02222,8,0,0
1040,2020,847,75,18,2,105368,1.024616,13,0,0
1040,2020,848,75,12,1,79405,1.02223,15,0,1
1040,2020,849,75,17,2,103251,1.032088,20,0,0
1041,2020,1,10,2,1,1797,1.000661,2,0,1
1041,2020,8,10,19,1,28310,1.036828,19,0,0
1041,2020,20,10,12,1,21246,1.02804,11,0,0
1041,2020,154,10,20,1,29017,1.038411,16,0,1
1041,2020,807,10,17,1,26960,1.034562,20,0,1
1041,2020,815,10,8,1,16440,1.02335,9,0,1
1041,2020,817,10,5,1,12860,1.020623,6,0,1
1041,2020,822,10,1,0,0,1.0,1,0,0
1041,2020,825,10,13,1,22650,1.029222,15,0,0
1041,2020,826,10,15,1,24272,1.031303,13,0,0
1041,2020,830,10,3,1,3388,1.003578,3,0,1
1041,2020,832,10,10,1,18587,1.025443,10,0,1
1041,2020,839,10,9,1,17887,1.025421,7,0,0
1041,2020,841,10,11,1,20684,1.028452,14,0,1
1041,2020,842,10,14,1,23333,1.029991,12,0,1
1041,2020,844,10,4,1,12331,1.020607,4,0,1
1041,2020,846,10,7,1,15564,1.023757,8,0,0
1041,2020,847,10,16,1,26027,1.034572,17,0,0
1041,2020,848,10,6,1,14434,1.022645,5,0,0
1041,2020,849,10,18,1,27865,1.035169,18,0,0
1041,2020,1,25,1,0,0,1.0,2,0,1
1041,2020,8,25,19,1,72463,1.034762,19,0,0
1041,2020,20,25,18,1,71670,1.027827,11,0,0
1041,2020,154,25,16,1,56188,1.034284,16,0,1
1041,2020,807,25,13,1,51912,1.035404,20,0,1
1041,2020,815,25,6,1,31206,1.020914,9,0,1
1041,2020,817,25,3,1,25677,1.020827,6,0,1
1041,2020,822,25,4,1,26588,1.001402,1,0,0
1041,2020,825,25,14,1,53875,1.030751,15,0,0
1041,2020,826,25,11,1,47904,1.030414,13,0,0
1041,2020,830,25,2,1,4271,1.002913,3,0,1
1041,2020,832,25,8,1,36500,1.024088,10,0,1
1041,2020,839,25,7,1,34413,1.022099,7,0,0
1041,2020,841,25,10,1,47005,1.029208,14,0,1
1041,2020,842,25,9,1,44241,1.027164,12,0,1
1041,2020,844,25,15,1,54773,1.023762,4,0,1
1041,2020,846,25,5,1,29453,1.022088,8,0,0
1041,2020,848,25,12,1,48499,1.023892,5,0,0
1041,2020,849,25,17,1,57265,1.034241,18,0,0
1041,2020,1,50,1,0,0,1.0,2,0,1
1041,2020,8,50,12,1,87121,1.027087,19,0,0
1041,2020,20,50,11,1,86391,1.022356,11,0,0
1041,2020,154,50,13,2,82693,1.034903,16,0,1
1041,2020,807,50,9,1,81141,1.03002,20,0,1
1041,2020,815,50,6,1,73773,1.020726,9,0,1
1041,2020,817,50,4,1,57952,1.014926,6,0,1
1041,2020,825,50,14,2,92781,1.031186,15,0,0
1041,2020,826,50,16,2,128408,1.027316,13,0,0
1041,2020,830,50,2,1,4735,1.001663,3,0,1
1041,2020,832,50,8,1,79741,1.023517,10,0,1
1041,2020,841,50,10,1,84909,1.030838,14,0,1
1041,2020,842,50,7,1,74955,1.027512,12,0,1
1041,2020,844,50,5,1,70524,1.02404,4,0,1
1041,2020,846,50,3,1,53857,1.022683,8,0,0
1041,2020,849,50,15,2,96851,1.033824,18,0,0
1041,2020,1,75,1,0,0,1.0,2,0,1
1041,2020,8,75,9,2,126764,1.027558,19,0,0
1041,2020,20,75,14,2,146401,1.029541,11,0,0
1041,2020,154,75,10,2,127681,1.029036,16,0,1
1041,2020,807,75,8,2,121371,1.030711,20,0,1
1041,2020,815,75,4,1,88840,1.02473,9,0,1
1041,2020,817,75,3,1,78016,1.016534,6,0,1
1041,2020,825,75,12,2,137134,1.029168,15,0,0
1041,2020,826,75,15,2,156100,1.022549,13,0,0
1041,2020,830,75,2,1,11109,1.002681,3,0,1
1041,2020,832,75,5,1,101851,1.027224,10,0,1
1041,2020,841,75,11,2,133672,1.027729,14,0,1
1041,2020,842,75,7,2,117514,1.031305,12,0,1
1041,2020,844,75,6,2,112684,1.024274,4,0,1
1041,2020,849,75,13,2,143774,1.031761,18,0,0
1042,2020,1,10,3,1,2237,1.006364,1,0,1
1042,2020,8,10,6,1,7083,1.011322,16,0,0
1042,2020,20,10,16,1,17662,1.02435,15,0,1
1042,2020,154,10,15,1,17587,1.02447,18,0,0
1042,2020,815,10,20,1,30285,0.997262,5,0,1
1042,2020,817,10,8,1,9351,1.015309,10,0,1
1042,2020,822,10,1,0,0,1.0,2,0,1
1042,2020,825,10,19,1,22901,1.037209,19,0,0
1042,2020,826,10,18,1,20792,1.019991,13,0,0
1042,2020,830,10,4,1,2797,1.004671,3,0,1
1042,2020,832,10,2,1,2114,1.005655,7,0,1
1042,2020,839,10,12,1,14433,1.01693,11,0,1
1042,2020,840,10,10,1,11848,1.013856,12,0,0
1042,2020,841,10,14,1,16494,1.026175,17,0,0
1042,2020,842,10,9,1,11012,1.012667,9,0,1
1042,2020,844,10,7,1,8043,1.00377,4,0,1
1042,2020,846,10,5,1,6212,1.008909,8,0,0
1042,2020,847,10,13,1,15643,1.023593,14,0,0
1042,2020,848,10,11,1,13630,1.013484,6,0,0
1042,2020,849,10,17,1,20498,1.022897,20,0,0
1042,2020,1,25,2,1,1677,1.001844,1,0,1
1042,2020,8,25,20,1,56049,1.028575,16,0,0
1042,2020,20,25,11,1,35339,1.024374,15,0,1
1042,2020,154,25,16,1,42175,1.030712,18,0,0
1042,2020,815,25,15,1,40993,1.01408,5,0,1
1042,2020,817,25,19,1,55015,1.027024,10,0,1
1042,2020,822,25,1,0,0,1.0,2,0,1
1042,2020,825,25,17,1,43857,1.028881,19,0,0
1042,2020,826,25,14,1,39857,1.029442,13,0,0
1042,2020,830,25,3,1,11163,1.011772,3,0,1
1042,2020,832,25,5,1,23128,1.023532,7,0,1
1042,2020,839,25,9,1,30348,1.021615,11,0,1
1042,2020,840,25,8,1,28165,1.01894,12,0,0
1042,2020,841,25,13,1,39321,1.028001,17,0,0
1042,2020,842,25,6,1,23649,1.016156,9,0,1
1042,2020,844,25,4,1,15689,1.0127,4,0,1
1042,2020,846,25,7,1,27463,1.025327,8,0,0
1042,2020,847,25,12,1,38525,1.028026,14,0,0
1042,2020,848,25,10,1,33033,1.024765,6,0,0
1042,2020,849,25,18,1,45584,1.032825,20,0,0
1042,2020,1,50,1,0,0,1.0,1,0,1
1042,2020,8,50,10,1,78973,1.0145,16,0,0
1042,2020,20,50,14,2,85248,1.019889,15,0,1
1042,2020,154,50,17,2,101070,1.026833,18,0,0
1042,2020,815,50,6,1,57347,1.012556,5,0,1
1042,2020,817,50,8,1,74787,1.015808,10,0,1
1042,2020,822,50,2,1,7957,1.001186,2,0,1
1042,2020,825,50,13,2,84218,1.027255,19,0,0
1042,2020,826,50,18,2,104567,1.02643,13,0,0
1042,2020,830,50,4,1,47392,1.009377,3,0,1
1042,2020,832,50,11,1,79295,1.022753,7,0,1
1042,2020,839,50,5,1,56322,1.018425,11,0,1
1042,2020,840,50,20,2,110368,1.019957,12,0,0
1042,2020,841,50,16,2,99881,1.026399,17,0,0
1042,2020,842,50,9,1,76334,1.015674,9,0,1
1042,2020,844,50,3,1,26876,1.008265,4,0,1
1042,2020,846,50,15,2,88105,1.023153,8,0,0
1042,2020,847,50,7,1,67649,1.024232,14,0,0
1042,2020,848,50,12,1,80179,1.021359,6,0,0
1042,2020,849,50,19,2,108510,1.028972,20,0,0
1042,2020,1,75,1,0,0,1.0,1,0,1
1042,2020,8,75,10,1,77600,1.017138,16,0,0
1042,2020,20,75,11,1,78749,1.018404,15,0,1
1042,2020,154,75,16,2,109104,1.028378,18,0,0
1042,2020,815,75,6,1,69926,1.014218,5,0,1
1042,2020,817,75,9,1,76783,1.018287,10,0,1
1042,2020,822,75,2,1,14548,1.003793,2,0,1
1042,2020,825,75,18,2,120325,1.029201,19,0,0
1042,2020,826,75,15,2,107767,1.025723,13,0,0
1042,2020,830,75,3,1,23805,1.00721,3,0,1
1042,2020,832,75,8,1,74354,1.025178,7,0,1
1042,2020,839,75,5,1,49925,1.02042,11,0,1
1042,2020,840,75,20,2,145193,1.024248,12,0,0
1042,2020,841,75,13,2,105756,1.028747,17,0,0
1042,2020,842,75,7,1,72847,1.019068,9,0,1
1042,2020,844,75,4,1,38665,1.009632,4,0,1
1042,2020,846,75,17,2,113933,1.025379,8,0,0
1042,2020,847,75,14,2,106370,1.028071,14,0,0
1042,2020,848,75,12,2,101429,1.022724,6,0,0
1042,2020,849,75,19,2,123032,1.031401,20,0,0
1043,2020,1,10,3,1,2867,1.001617,2,0,1
1043,2020,8,10,16,1,23181,1.025764,18,0,1
1043,2020,20,10,15,1,22246,1.02535,14,0,0
1043,2020,154,10,17,1,24040,1.026592,16,0,0
1043,2020,815,10,11,1,17400,1.020072,11,0,1
1043,2020,817,10,4,1,8741,1.013778,5,0,1
1043,2020,822,10,1,0,0,1.0,1,0,1
1043,2020,825,10,19,1,37805,1.011885,17,0,0
1043,2020,826,10,8,1,13964,1.014894,8,0,1
1043,2020,830,10,2,1,1489,1.00158,3,0,0
1043,2020,832,10,9,1,15418,1.020486,10,0,1
1043,2020,839,10,12,1,18576,1.022667,12,0,0
1043,2020,840,10,20,1,54793,1.013478,15,0,0
1043,2020,841,10,14,1,21378,1.026341,20,0,1
1043,2020,842,10,5,1,10140,1.013453,4,0,0
1043,2020,844,10,6,1,11946,1.013641,7,0,1
1043,2020,846,10,10,1,16781,1.024222,9,0,1
1043,2020,847,10,13,1,20422,1.025388,13,0,0
1043,2020,848,10,7,1,12829,1.013164,6,0,0
1043,2020,849,10,18,1,24929,1.027544,19,0,0
1043,2020,1,25,3,1,3607,1.001799,2,0,1
1043,2020,8,25,7,1,37363,1.022032,18,0,1
1043,2020,20,25,6,1,35153,1.021547,14,0,0
1043,2020,154,25,18,1,63712,1.025164,16,0,0
1043,2020,815,25,5,1,29385,1.018736,11,0,1
1043,2020,817,25,10,1,50625,1.01778,5,0,1
1043,2020,822,25,1,0,0,1.0,1,0,1
1043,2020,825,25,9,1,48241,1.013132,17,0,0
1043,2020,826,25,13,1,54621,1.017315,8,0,1
1043,2020,830,25,2,1,2019,1.001145,3,0,0
1043,2020,832,25,4,1,27391,1.016503,10,0,1
1043,2020,839,25,16,1,60496,1.0209,12,0,0
1043,2020,840,25,19,1,65115,1.015484,15,0,0
1043,2020,841,25,17,1,62083,1.022906,20,0,1
1043,2020,844,25,11,1,51674,1.016157,7,0,1
1043,2020,846,25,14,1,57512,1.019497,9,0,1
1043,2020,847,25,15,1,59206,1.022214,13,0,0
1043,2020,848,25,12,1,53293,1.016258,6,0,0
1043,2020,849,25,8,1,40003,1.021466,19,0,0
1043,2020,1,50,1,0,0,1.0,2,0,1
1043,2020,8,50,5,1,30225,1.015225,18,0,1
1043,2020,20,50,4,1,25932,1.013589,14,0,0
1043,2020,154,50,16,1,65146,1.015958,16,0,0
1043,2020,815,50,7,1,39858,1.015497,11,0,1
1043,2020,817,50,8,1,44507,1.017411,5,0,1
1043,2020,822,50,2,1,3713,1.000442,1,0,1
1043,2020,825,50,17,2,105394,1.016427,17,0,0
1043,2020,826,50,11,1,52793,1.01635,8,0,1
1043,2020,830,50,3,1,5356,1.00108,3,0,0
1043,2020,832,50,12,1,53719,1.017449,10,0,1
1043,2020,840,50,18,2,112877,1.015505,15,0,0
1043,2020,841,50,15,1,62756,1.017082,20,0,1
1043,2020,844,50,9,1,47134,1.016684,7,0,1
1043,2020,846,50,13,1,55403,1.017929,9,0,1
1043,2020,847,50,14,1,58115,1.016432,13,0,0
1043,2020,848,50,10,1,48691,1.018232,6,0,0
1043,2020,849,50,6,1,36673,1.018769,19,0,0
1043,2020,1,75,1,0,0,1.0,2,0,1
1043,2020,8,75,4,1,50512,1.01628,18,0,1
1043,2020,20,75,13,2,80209,1.015905,14,0,0
1043,2020,154,75,16,2,88089,1.020833,16,0,0
1043,2020,815,75,5,1,51361,1.008038,11,0,1
1043,2020,817,75,6,1,59294,1.0177,5,0,1
1043,2020,822,75,3,1,19363,1.005707,1,0,1
1043,2020,825,75,18,2,109914,1.021305,17,0,0
1043,2020,826,75,9,1,63520,1.016305,8,0,1
1043,2020,830,75,2,1,12875,1.006095,3,0,0
1043,2020,832,75,10,1,64864,1.018445,10,0,1
1043,2020,840,75,17,2,99101,1.019496,15,0,0
1043,2020,841,75,14,2,82131,1.020642,20,0,1
1043,2020,844,75,7,1,60576,1.017827,7,0,1
1043,2020,846,75,11,1,67308,1.017974,9,0,1
1043,2020,847,75,12,1,74990,1.016636,13,0,0
1043,2020,848,75,8,1,62199,1.016439,6,0,0
1043,2020,849,75,15,2,83381,1.023011,19,0,0
1044,2020,1,10,6,1,21155,1.014272,6,0,1
1044,2020,8,10,9,1,32205,1.039472,8,0,0
1044,2020,20,10,3,1,15461,1.013204,11,0,1
1044,2020,154,10,17,1,56505,1.067372,17,0,0
1044,2020,815,10,2,1,5959,1.004045,3,0,1
1044,2020,817,10,7,1,23754,1.018957,5,0,1
1044,2020,822,10,16,1,50967,1.044419,9,0,0
1044,2020,825,10,10,1,39149,1.037642,13,0,0
1044,2020,826,10,12,1,46910,1.055596,16,0,0
1044,2020,830,10,4,1,16382,1.009229,2,0,1
1044,2020,832,10,8,1,29589,1.022481,15,0,1
1044,2020,839,10,19,1,64007,1.027502,7,0,0
1044,2020,840,10,1,0,0,1.0,1,0,1
1044,2020,841,10,11,1,44653,1.059834,10,0,0
1044,2020,842,10,13,1,48405,1.057426,19,0,0
1044,2020,844,10,14,1,49037,1.056244,12,0,1
1044,2020,846,10,15,1,49998,1.052916,14,0,1
1044,2020,847,10,18,1,63226,1.066571,,1,0
1044,2020,848,10,5,1,18302,1.015848,4,0,1
1044,2020,849,10,20,1,94947,1.12725,,1,0
1044,2020,1,25,5,1,15416,1.003665,6,0,1
1044,2020,8,25,13,1,63167,1.02263,8,0,0
1044,2020,20,25,4,1,14151,0.993258,11,0,1
1044,2020,154,25,18,1,85531,1.042507,17,0,0
1044,2020,815,25,2,1,6178,0.992653,3,0,1
1044,2020,817,25,7,1,28560,1.004261,5,0,1
1044,2020,822,25,12,1,61653,1.036518,9,0,0
1044,2020,825,25,10,1,60598,1.031371,13,0,0
1044,2020,826,25,16,1,76915,1.046084,16,0,0
1044,2020,830,25,3,1,8633,0.993661,2,0,1
1044,2020,832,25,8,1,30568,1.010293,15,0,1
1044,2020,839,25,17,1,84924,1.011696,7,0,0
1044,2020,840,25,1,0,0,1.0,1,0,1
1044,2020,842,25,15,1,67416,1.037106,19,0,0
1044,2020,844,25,9,1,57401,1.038333,12,0,1
1044,2020,846,25,14,1,64542,1.03615,14,0,1
1044,2020,847,25,11,1,60959,1.02263,,1,0
1044,2020,848,25,6,1,18313,0.995537,4,0,1
1044,2020,849,25,19,2,186949,1.10994,,1,0
1044,2020,1,50,5,1,10578,1.005836,6,0,1
1044,2020,8,50,13,1,78172,1.036623,8,0,0
1044,2020,20,50,4,1,8121,1.025814,11,0,1
1044,2020,154,50,18,2,105954,1.034141,17,0,0
1044,2020,815,50,2,1,3087,1.007591,3,0,1
1044,2020,817,50,6,1,22893,1.018542,5,0,1
1044,2020,822,50,17,1,86913,1.040837,9,0,0
1044,2020,825,50,11,1,74891,1.031885,13,0,0
1044,2020,826,50,16,1,85299,1.030937,16,0,0
1044,2020,830,50,8,1,28005,1.038172,2,0,1
1044,2020,832,50,7,1,26053,1.008248,15,0,1
1044,2020,839,50,15,1,81840,1.003932,7,0,0
1044,2020,840,50,1,0,0,1.0,1,0,1
1044,2020,842,50,14,1,78822,1.023505,19,0,0
1044,2020,844,50,9,1,29009,1.00076,12,0,1
1044,2020,846,50,10,1,67771,1.017453,14,0,1
1044,2020,847,50,12,1,77051,1.029117,,1,0
1044,2020,848,50,3,1,4366,1.034343,4,0,1
1044,2020,849,50,19,3,224959,1.079795,,1,0
1044,2020,1,75,1,0,0,1.0,6,0,1
1044,2020,8,75,15,2,119068,1.025522,8,0,0
1044,2020,20,75,5,1,32512,1.000082,11,0,1
1044,2020,154,75,17,2,193862,1.028976,17,0,0
1044,2020,815,75,2,1,15901,1.004636,3,0,1
1044,2020,817,75,9,1,70646,1.013166,5,0,1
1044,2020,822,75,13,1,98617,1.009609,9,0,0
1044,2020,825,75,18,3,236361,1.016072,13,0,0
1044,2020,826,75,12,1,88154,1.006162,16,0,0
1044,2020,830,75,4,1,29795,1.002364,2,0,1
1044,2020,832,75,7,1,41726,1.004246,15,0,1
1044,2020,839,75,11,1,83453,1.010066,7,0,0
1044,2020,840,75,8,1,50952,1.015419,1,0,1
1044,2020,842,75,14,2,104869,1.015161,19,0,0
1044,2020,844,75,3,1,29198,0.994045,12,0,1
1044,2020,846,75,10,1,73879,1.010644,14,0,1
1044,2020,847,75,16,2,135266,1.02988,,1,0
1044,2020,848,75,6,1,40821,1.006287,4,0,1
1045,2020,1,10,1,0,0,1.0,1,0,1
1045,2020,8,10,12,1,19449,0.952925,17,0,0
1045,2020,20,10,15,1,23149,1.017553,11,0,0
1045,2020,815,10,3,1,2816,1.005521,5,0,0
1045,2020,817,10,8,1,13535,1.026447,6,0,1
1045,2020,822,10,16,1,24847,1.06053,2,0,1
1045,2020,825,10,18,1,28533,0.949356,18,0,0
1045,2020,826,10,11,1,17240,0.953857,10,0,0
1045,2020,830,10,2,1,1857,1.002812,3,0,1
1045,2020,832,10,10,1,15805,0.9646,15,0,1
1045,2020,839,10,6,1,8586,0.993335,7,0,1
1045,2020,841,10,17,1,26012,0.991957,16,0,0
1045,2020,842,10,9,1,15092,0.999579,8,0,1
1045,2020,844,10,7,1,10068,0.958116,12,0,1
1045,2020,846,10,5,1,6754,0.996044,9,0,1
1045,2020,847,10,14,1,21929,0.943822,14,0,0
1045,2020,848,10,4,1,4117,0.996428,4,0,1
1045,2020,849,10,13,1,20216,0.925149,20,0,0
1045,2020,1,25,1,0,0,1.0,1,0,1
1045,2020,8,25,13,1,27595,0.988615,17,0,0
1045,2020,20,25,18,1,34436,0.98711,11,0,0
1045,2020,815,25,3,1,7141,0.996111,5,0,0
1045,2020,817,25,8,1,19737,0.987016,6,0,1
1045,2020,822,25,14,1,28284,0.992064,2,0,1
1045,2020,825,25,17,1,32308,0.978555,18,0,0
1045,2020,826,25,11,1,24483,0.990228,10,0,0
1045,2020,830,25,2,1,2487,0.998423,3,0,1
1045,2020,832,25,7,1,17789,0.994455,15,0,1
1045,2020,839,25,6,1,15845,0.992777,7,0,1
1045,2020,841,25,16,1,30649,0.986836,16,0,0
1045,2020,842,25,9,1,21345,0.992324,8,0,1
1045,2020,844,25,10,1,23435,0.990466,12,0,1
1045,2020,846,25,5,1,14167,0.997004,9,0,1
1045,2020,847,25,12,1,26723,0.98217,14,0,0
1045,2020,848,25,4,1,9467,1.000763,4,0,1
1045,2020,849,25,15,1,29846,0.988529,20,0,0
1045,2020,1,50,1,0,0,1.0,1,0,1
1045,2020,8,50,15,1,71421,1.033921,17,0,0
1045,2020,20,50,16,1,72398,1.039235,11,0,0
1045,2020,815,50,3,1,20903,1.009669,5,0,0
1045,2020,817,50,8,1,47126,1.024568,6,0,1
1045,2020,822,50,11,1,60610,1.034385,2,0,1
1045,2020,825,50,18,1,91720,1.041977,18,0,0
1045,2020,826,50,13,1,68873,1.030484,10,0,0
1045,2020,830,50,2,1,4887,1.003817,3,0,1
1045,2020,832,50,6,1,42406,1.022196,15,0,1
1045,2020,839,50,7,1,46244,1.021479,7,0,1
1045,2020,841,50,14,1,70121,1.037791,16,0,0
1045,2020,842,50,9,1,54734,1.027299,8,0,1
1045,2020,844,50,10,1,57155,1.028238,12,0,1
1045,2020,846,50,5,1,37958,1.019148,9,0,1
1045,2020,847,50,12,1,67593,1.033394,14,0,0
1045,2020,848,50,4,1,24661,1.01105,4,0,1
1045,2020,849,50,17,1,74901,1.039531,20,0,0
1045,2020,1,75,1,0,0,1.0,1,0,1
1045,2020,8,75,18,2,117638,1.035605,17,0,0
1045,2020,20,75,16,2,106332,1.034791,11,0,0
1045,2020,815,75,3,1,29549,1.009248,5,0,0
1045,2020,817,75,8,1,64670,1.02441,6,0,1
1045,2020,822,75,10,1,69553,1.029245,2,0,1
1045,2020,825,75,14,2,104519,1.040026,18,0,0
1045,2020,826,75,13,2,90374,1.028344,10,0,0
1045,2020,830,75,2,1,3606,1.001979,3,0,1
1045,2020,832,75,7,1,61105,1.022971,15,0,1
1045,2020,839,75,9,1,68946,1.022272,7,0,1
1045,2020,841,75,12,1,87875,1.029361,16,0,0
1045,2020,842,75,5,1,49523,1.024484,8,0,1
1045,2020,844,75,11,1,86187,1.027626,12,0,1
1045,2020,846,75,6,1,51065,1.014697,9,0,1
1045,2020,847,75,15,2,104736,1.034934,14,0,0
1045,2020,848,75,4,1,32666,1.012062,4,0,1
1045,2020,849,75,17,2,107860,1.039571,20,0,0
1046,2020,8,10,17,1,12683,1.009106,18,0,0
1046,2020,20,10,11,1,8271,1.007614,13,0,0
1046,2020,815,10,14,1,10994,0.998286,5,0,1
1046,2020,817,10,4,1,3508,1.004486,7,0,1
1046,2020,822,10,2,1,1582,0.997896,1,0,1
1046,2020,825,10,12,1,9426,0.998631,15,0,0
1046,2020,826,10,5,1,4200,0.998942,6,0,1
1046,2020,832,10,3,1,2518,0.997751,8,0,1
1046,2020,839,10,8,1,6021,0.997718,11,0,1
1046,2020,840,10,6,1,4806,1.006223,10,0,1
1046,2020,841,10,15,1,11285,1.000245,14,0,0
1046,2020,842,10,7,1,5340,0.996471,9,0,0
1046,2020,846,10,9,1,7193,0.99656,19,0,1
1046,2020,847,10,1,0,0,1.0,2,0,1
1046,2020,848,10,10,1,8146,1.000712,12,0,1
1046,2020,849,10,13,1,10416,0.995091,16,0,0
1046,2020,850,10,18,1,13363,1.014394,20,0,0
1046,2020,851,10,16,1,12077,1.007882,17,0,0
1046,2020,8,25,16,1,39232,1.0336,18,0,0
1046,2020,20,25,11,1,25609,1.021625,13,0,0
1046,2020,815,25,9,1,19902,1.013967,5,0,1
1046,2020,817,25,4,1,12131,1.012353,7,0,1
1046,2020,822,25,2,1,2013,1.00212,1,0,1
1046,2020,825,25,14,1,33130,1.028698,15,0,0
1046,2020,826,25,5,1,13046,1.012353,6,0,1
1046,2020,832,25,3,1,10637,1.010508,8,0,1
1046,2020,839,25,8,1,16118,1.014268,11,0,1
1046,2020,840,25,6,1,13758,1.012259,10,0,1
1046,2020,841,25,13,1,30978,1.028569,14,0,0
1046,2020,842,25,7,1,14508,1.013091,9,0,0
1046,2020,846,25,18,1,44420,1.018414,19,0,1
1046,2020,847,25,1,0,0,1.0,2,0,1
1046,2020,848,25,10,1,20828,1.019796,12,0,1
1046,2020,849,25,12,1,30131,1.028072,16,0,0
1046,2020,850,25,17,1,40440,1.036047,20,0,0
1046,2020,851,25,15,1,34557,1.028844,17,0,0
1046,2020,8,50,17,2,82513,1.028659,18,0,0
1046,2020,20,50,12,2,64103,1.019009,13,0,0
1046,2020,815,50,3,1,29885,1.008663,5,0,1
1046,2020,817,50,7,1,40176,1.009694,7,0,1
1046,2020,822,50,2,1,3000,1.000455,1,0,1
1046,2020,825,50,15,2,72461,1.025294,15,0,0
1046,2020,826,50,6,1,39169,1.011299,6,0,1
1046,2020,832,50,5,1,37065,1.008955,8,0,1
1046,2020,839,50,9,1,49853,1.01172,11,0,1
1046,2020,840,50,10,1,50605,1.012192,10,0,1
1046,2020,841,50,14,2,68811,1.021705,14,0,0
1046,2020,842,50,8,1,44173,1.011737,9,0,0
1046,2020,846,50,11,1,52382,1.012373,19,0,1
1046,2020,847,50,1,0,0,1.0,2,0,1
1046,2020,848,50,4,1,33685,1.010947,12,0,1
1046,2020,849,50,13,2,67645,1.022581,16,0,0
1046,2020,850,50,18,2,100877,1.031269,20,0,0
1046,2020,851,50,16,2,78800,1.025139,17,0,0
1046,2020,8,75,15,1,60923,1.007988,18,0,0
1046,2020,20,75,12,1,17093,1.008704,13,0,0
1046,2020,815,75,1,0,0,1.0,5,0,1
1046,2020,817,75,7,1,8463,1.001184,7,0,1
1046,2020,822,75,4,1,3903,0.992335,1,0,1
1046,2020,825,75,14,1,48513,1.016454,15,0,0
1046,2020,826,75,8,1,10784,1.001184,6,0,1
1046,2020,832,75,6,1,6095,0.99874,8,0,1
1046,2020,839,75,2,1,1395,1.001576,11,0,1
1046,2020,840,75,3,1,2572,1.00172,10,0,1
1046,2020,841,75,13,1,27508,1.012119,14,0,0
1046,2020,842,75,9,1,13079,1.002316,9,0,0
1046,2020,846,75,11,1,15982,1.00436,19,0,1
1046,2020,847,75,5,1,5082,0.991722,2,0,1
1046,2020,848,75,10,1,14306,1.002087,12,0,1
1046,2020,850,75,16,1,84449,1.023752,20,0,0
1046,2020,851,75,17,1,93743,1.016505,17,0,0
1047,2020,1,10,3,1,5799,1.007663,3,0,1
1047,2020,8,10,14,1,23408,1.028397,15,0,0
1047,2020,20,10,12,1,21267,1.025032,13,0,0
1047,2020,815,10,16,1,26984,1.027942,19,0,0
1047,2020,817,10,11,1,20122,1.024191,11,0,1
1047,2020,822,10,2,1,2584,1.003004,2,0,1
1047,2020,825,10,18,1,30433,1.039186,20,0,0
1047,2020,826,10,7,1,15621,1.021598,7,0,0
1047,2020,830,10,1,0,0,1.0,1,0,1
1047,2020,832,10,6,1,13898,1.019405,6,0,1
1047,2020,839,10,10,1,19102,1.02384,10,0,1
1047,2020,840,10,8,1,16593,1.021803,8,0,1
1047,2020,841,10,15,1,25835,1.032094,14,0,0
1047,2020,842,10,9,1,17544,1.021466,9,0,1
1047,2020,844,10,13,1,22161,1.027195,12,0,0
1047,2020,846,10,4,1,10405,1.015507,4,0,1
1047,2020,847,10,17,1,29149,1.040265,16,0,0
1047,2020,848,10,5,1,11497,1.016426,5,0,1
1047,2020,849,10,20,1,33386,1.042253,18,0,0
1047,2020,850,10,19,1,31827,1.042795,17,0,0
1047,2020,1,25,3,1,1538,1.006008,3,0,1
1047,2020,8,25,16,1,8198,1.035631,15,0,0
1047,2020,20,25,7,1,3893,1.026075,13,0,0
1047,2020,817,25,5,1,2575,1.028946,11,0,1
1047,2020,822,25,2,1,881,1.001477,2,0,1
1047,2020,825,25,15,1,7856,1.037303,20,0,0
1047,2020,826,25,14,1,7169,1.032064,7,0,0
1047,2020,830,25,1,0,0,1.0,1,0,1
1047,2020,832,25,9,1,4727,1.020457,6,0,1
1047,2020,839,25,13,1,6624,1.031489,10,0,1
1047,2020,840,25,10,1,5245,1.019984,8,0,1
1047,2020,841,25,12,1,6193,1.036947,14,0,0
1047,2020,842,25,11,1,5721,1.022401,9,0,1
1047,2020,844,25,8,1,4278,1.026879,12,0,0
1047,2020,846,25,6,1,3328,1.018142,4,0,1
1047,2020,847,25,17,1,8896,1.039213,16,0,0
1047,2020,848,25,4,1,2084,1.014093,5,0,1
1047,2020,849,25,18,1,9505,1.050109,18,0,0
1047,2020,850,25,19,1,11808,1.048389,17,0,0
1047,2020,1,50,3,1,8924,1.004891,3,0,1
1047,2020,8,50,13,1,58572,1.035821,15,0,0
1047,2020,20,50,8,1,45003,1.031944,13,0,0
1047,2020,817,50,5,1,28885,1.020961,11,0,1
1047,2020,822,50,2,1,6164,1.00464,2,0,1
1047,2020,825,50,17,1,70864,1.044368,20,0,0
1047,2020,826,50,12,1,51768,1.03124,7,0,0
1047,2020,830,50,1,0,0,1.0,1,0,1
1047,2020,832,50,7,1,37757,1.026413,6,0,1
1047,2020,839,50,11,1,49861,1.032554,10,0,1
1047,2020,840,50,9,1,45801,1.02939,8,0,1
1047,2020,841,50,16,1,69116,1.042119,14,0,0
1047,2020,842,50,10,1,46687,1.029562,9,0,1
1047,2020,844,50,15,1,68677,1.035142,12,0,0
1047,2020,846,50,6,1,31487,1.021409,4,0,1
1047,2020,847,50,14,1,61381,1.040141,16,0,0
1047,2020,848,50,4,1,14415,1.01175,5,0,1
1047,2020,849,50,18,1,71522,1.047251,18,0,0
1047,2020,850,50,19,1,73932,1.045933,17,0,0
1047,2020,1,75,3,1,11632,1.004794,3,0,1
1047,2020,8,75,12,1,90845,1.031406,15,0,0
1047,2020,20,75,14,1,97583,1.030707,13,0,0
1047,2020,817,75,7,1,71741,1.017768,11,0,1
1047,2020,822,75,2,1,7906,1.003518,2,0,1
1047,2020,825,75,18,2,132573,1.045245,20,0,0
1047,2020,826,75,11,1,83868,1.028376,7,0,0
1047,2020,830,75,1,0,0,1.0,1,0,1
1047,2020,832,75,6,1,55556,1.020374,6,0,1
1047,2020,839,75,10,1,82181,1.029509,10,0,1
1047,2020,840,75,9,1,78563,1.029485,8,0,1
1047,2020,841,75,16,2,106332,1.038437,14,0,0
1047,2020,842,75,8,1,73353,1.025878,9,0,1
1047,2020,844,75,13,1,91525,1.030657,12,0,0
1047,2020,846,75,5,1,50439,1.018526,4,0,1
1047,2020,847,75,15,1,99768,1.033688,16,0,0
1047,2020,848,75,4,1,20271,1.007154,5,0,1
1047,2020,849,75,17,2,127780,1.042822,18,0,0
1047,2020,850,75,19,2,149970,1.044437,17,0,0
